frame,object_id,ground_truth,always_label,always_correct,always_invoked,fixed_label,fixed_correct,fixed_invoked,drift_label,drift_correct,drift_invoked,drift_agrees_with_always
1,0,PEN,PEN,True,True,PEN,True,True,PEN,True,True,True
2,0,PEN,PEN,True,True,PEN,True,False,PEN,True,False,True
3,0,PEN,PEN,True,True,PEN,True,False,PEN,True,False,True
4,0,PEN,PEN,True,True,PEN,True,False,PEN,True,False,True
5,0,PEN,PEN,True,True,PEN,True,False,PEN,True,False,True
6,0,PEN,PEN,True,True,PEN,True,False,PEN,True,False,True
7,0,PEN,PEN,True,True,PEN,True,False,PEN,True,False,True
8,0,PEN,PEN,True,True,PEN,True,False,PEN,True,False,True
9,0,PEN,PEN,True,True,PEN,True,False,PEN,True,False,True
10,0,PEN,PEN,True,True,PEN,True,False,PEN,True,False,True
11,0,PEN,PEN,True,True,PEN,True,False,PEN,True,False,True
12,0,PEN,PEN,True,True,PEN,True,False,PEN,True,False,True
13,0,PEN,PEN,True,True,PEN,True,False,PEN,True,False,True
14,0,PEN,PEN,True,True,PEN,True,False,PEN,True,False,True
15,0,PEN,PEN,True,True,PEN,True,False,PEN,True,False,True
16,0,PEN,PEN,True,True,PEN,True,False,PEN,True,False,True
17,0,PEN,PEN,True,True,PEN,True,False,PEN,True,False,True
18,0,PEN,PEN,True,True,PEN,True,False,PEN,True,False,True
19,0,PEN,PEN,True,True,PEN,True,False,PEN,True,False,True
20,0,PEN,PEN,True,True,PEN,True,False,PEN,True,False,True
21,0,PEN,PEN,True,True,PEN,True,False,PEN,True,False,True
22,0,PEN,PEN,True,True,PEN,True,False,PEN,True,False,True
23,0,PEN,PEN,True,True,PEN,True,False,PEN,True,False,True
24,0,PEN,PEN,True,True,PEN,True,False,PEN,True,False,True
25,0,PEN,PEN,True,True,PEN,True,False,PEN,True,False,True
26,0,PEN,PEN,True,True,PEN,True,False,PEN,True,False,True
27,0,PEN,PEN,True,True,PEN,True,False,PEN,True,False,True
28,0,PEN,PEN,True,True,PEN,True,False,PEN,True,False,True
29,0,PEN,PEN,True,True,PEN,True,False,PEN,True,False,True
30,0,PEN,PEN,True,True,PEN,True,True,PEN,True,False,True
31,0,PEN,PEN,True,True,PEN,True,False,PEN,True,False,True
32,0,PEN,PEN,True,True,PEN,True,False,PEN,True,False,True
33,0,PEN,PEN,True,True,PEN,True,False,PEN,True,False,True
34,0,PEN,PEN,True,True,PEN,True,False,PEN,True,False,True
35,0,PEN,PEN,True,True,PEN,True,False,PEN,True,False,True
36,0,PEN,PEN,True,True,PEN,True,False,PEN,True,False,True
37,0,PEN,PEN,True,True,PEN,True,False,PEN,True,False,True
38,0,PEN,PEN,True,True,PEN,True,False,PEN,True,False,True
39,0,PEN,PEN,True,True,PEN,True,False,PEN,True,False,True
40,0,PEN,PEN,True,True,PEN,True,False,PEN,True,False,True
41,0,PEN,PEN,True,True,PEN,True,False,PEN,True,False,True
42,0,PEN,PEN,True,True,PEN,True,False,PEN,True,False,True
43,0,PEN,PEN,True,True,PEN,True,False,PEN,True,False,True
44,0,PEN,PEN,True,True,PEN,True,False,PEN,True,False,True
45,0,PEN,PEN,True,True,PEN,True,False,PEN,True,False,True
46,0,PEN,PEN,True,True,PEN,True,False,PEN,True,False,True
47,0,PEN,PEN,True,True,PEN,True,False,PEN,True,False,True
48,0,PEN,PEN,True,True,PEN,True,False,PEN,True,False,True
49,0,PEN,PEN,True,True,PEN,True,False,PEN,True,False,True
50,0,PEN,PEN,True,True,PEN,True,False,PEN,True,False,True
51,0,PEN,PEN,True,True,PEN,True,False,PEN,True,False,True
52,0,PEN,PEN,True,True,PEN,True,False,PEN,True,False,True
53,0,PEN,PEN,True,True,PEN,True,False,PEN,True,False,True
54,0,PEN,PEN,True,True,PEN,True,False,PEN,True,False,True
55,0,PEN,PEN,True,True,PEN,True,False,PEN,True,False,True
56,0,PEN,PEN,True,True,PEN,True,False,PEN,True,False,True
57,0,PEN,PEN,True,True,PEN,True,False,PEN,True,False,True
58,0,PEN,PEN,True,True,PEN,True,False,PEN,True,False,True
59,0,PEN,PEN,True,True,PEN,True,False,PEN,True,False,True
60,0,PEN,PEN,True,True,PEN,True,True,PEN,True,False,True
61,0,PEN,PEN,True,True,PEN,True,False,PEN,True,False,True
62,0,PEN,PEN,True,True,PEN,True,False,PEN,True,False,True
63,0,PEN,PEN,True,True,PEN,True,False,PEN,True,False,True
64,0,PEN,PEN,True,True,PEN,True,False,PEN,True,False,True
65,0,PEN,PEN,True,True,PEN,True,False,PEN,True,False,True
66,0,PEN,PEN,True,True,PEN,True,False,PEN,True,False,True
67,0,PEN,PEN,True,True,PEN,True,False,PEN,True,False,True
68,0,PEN,PEN,True,True,PEN,True,False,PEN,True,False,True
69,0,PEN,PEN,True,True,PEN,True,False,PEN,True,False,True
70,0,PEN,PEN,True,True,PEN,True,False,PEN,True,False,True
71,0,PEN,PEN,True,True,PEN,True,False,PEN,True,False,True
72,0,PEN,PEN,True,True,PEN,True,False,PEN,True,False,True
73,0,PEN,PEN,True,True,PEN,True,False,PEN,True,False,True
74,0,PEN,PEN,True,True,PEN,True,False,PEN,True,False,True
75,0,PEN,PEN,True,True,PEN,True,False,PEN,True,False,True
76,0,PEN,PEN,True,True,PEN,True,False,PEN,True,False,True
77,0,PEN,PEN,True,True,PEN,True,False,PEN,True,False,True
78,0,PEN,PEN,True,True,PEN,True,False,PEN,True,False,True
79,0,PEN,PEN,True,True,PEN,True,False,PEN,True,False,True
80,0,PEN,PEN,True,True,PEN,True,False,PEN,True,False,True
81,0,PEN,PEN,True,True,PEN,True,False,PEN,True,False,True
82,0,PEN,PEN,True,True,PEN,True,False,PEN,True,False,True
83,0,PEN,PEN,True,True,PEN,True,False,PEN,True,False,True
84,0,PEN,PEN,True,True,PEN,True,False,PEN,True,False,True
85,0,PEN,PEN,True,True,PEN,True,False,PEN,True,False,True
86,0,PEN,PEN,True,True,PEN,True,False,PEN,True,False,True
87,0,PEN,PEN,True,True,PEN,True,False,PEN,True,False,True
88,0,PEN,PEN,True,True,PEN,True,False,PEN,True,False,True
89,0,PEN,PEN,True,True,PEN,True,False,PEN,True,False,True
90,0,PEN,PEN,True,True,PEN,True,True,PEN,True,False,True
91,0,PEN,PEN,True,True,PEN,True,False,PEN,True,False,True
92,0,PEN,PEN,True,True,PEN,True,False,PEN,True,False,True
93,0,PEN,PEN,True,True,PEN,True,False,PEN,True,False,True
94,0,PEN,PEN,True,True,PEN,True,False,PEN,True,False,True
95,0,PEN,PEN,True,True,PEN,True,False,PEN,True,False,True
96,0,PEN,PEN,True,True,PEN,True,False,PEN,True,False,True
97,0,PEN,PEN,True,True,PEN,True,False,PEN,True,False,True
98,0,PEN,PEN,True,True,PEN,True,False,PEN,True,False,True
99,0,PEN,PEN,True,True,PEN,True,False,PEN,True,False,True
100,0,PEN,PEN,True,True,PEN,True,False,PEN,True,False,True
101,0,PEN,PEN,True,True,PEN,True,False,PEN,True,False,True
102,0,PEN,PEN,True,True,PEN,True,False,PEN,True,False,True
103,0,PEN,PEN,True,True,PEN,True,False,PEN,True,False,True
104,0,PEN,PEN,True,True,PEN,True,False,PEN,True,False,True
105,0,PEN,PEN,True,True,PEN,True,False,PEN,True,False,True
106,0,PEN,PEN,True,True,PEN,True,False,PEN,True,False,True
107,0,PEN,PEN,True,True,PEN,True,False,PEN,True,False,True
108,0,PEN,PEN,True,True,PEN,True,False,PEN,True,False,True
109,0,PEN,PEN,True,True,PEN,True,False,PEN,True,False,True
110,0,PEN,PEN,True,True,PEN,True,False,PEN,True,False,True
111,0,PEN,PEN,True,True,PEN,True,False,PEN,True,False,True
112,0,PEN,PEN,True,True,PEN,True,False,PEN,True,False,True
113,0,PEN,PEN,True,True,PEN,True,False,PEN,True,False,True
114,0,PEN,PEN,True,True,PEN,True,False,PEN,True,False,True
115,0,PEN,PEN,True,True,PEN,True,False,PEN,True,False,True
116,0,PEN,PEN,True,True,PEN,True,False,PEN,True,False,True
117,0,PEN,PEN,True,True,PEN,True,False,PEN,True,False,True
118,0,PEN,PEN,True,True,PEN,True,False,PEN,True,False,True
119,0,PEN,PEN,True,True,PEN,True,False,PEN,True,False,True
120,0,PEN,PEN,True,True,PEN,True,True,PEN,True,False,True
121,0,PEN,PEN,True,True,PEN,True,False,PEN,True,False,True
122,0,PEN,PEN,True,True,PEN,True,False,PEN,True,False,True
123,0,PEN,PEN,True,True,PEN,True,False,PEN,True,False,True
124,0,PEN,PEN,True,True,PEN,True,False,PEN,True,False,True
125,0,PEN,PEN,True,True,PEN,True,False,PEN,True,False,True
126,0,PEN,PEN,True,True,PEN,True,False,PEN,True,False,True
127,0,PEN,PEN,True,True,PEN,True,False,PEN,True,False,True
128,0,PEN,PEN,True,True,PEN,True,False,PEN,True,False,True
129,0,PEN,PEN,True,True,PEN,True,False,PEN,True,False,True
130,0,PEN,PEN,True,True,PEN,True,False,PEN,True,False,True
131,0,PEN,PEN,True,True,PEN,True,False,PEN,True,False,True
132,0,PEN,PEN,True,True,PEN,True,False,PEN,True,False,True
133,0,PEN,PEN,True,True,PEN,True,False,PEN,True,False,True
134,0,PEN,PEN,True,True,PEN,True,False,PEN,True,False,True
135,0,PEN,PEN,True,True,PEN,True,False,PEN,True,False,True
136,0,PEN,PEN,True,True,PEN,True,False,PEN,True,False,True
137,0,PEN,PEN,True,True,PEN,True,False,PEN,True,False,True
138,0,PEN,PEN,True,True,PEN,True,False,PEN,True,False,True
139,0,PEN,PEN,True,True,PEN,True,False,PEN,True,False,True
140,0,PEN,PEN,True,True,PEN,True,False,PEN,True,False,True
141,0,PEN,PEN,True,True,PEN,True,False,PEN,True,False,True
142,0,PEN,PEN,True,True,PEN,True,False,PEN,True,False,True
143,0,PEN,PEN,True,True,PEN,True,False,PEN,True,False,True
144,0,PEN,PEN,True,True,PEN,True,False,PEN,True,False,True
145,0,PEN,PEN,True,True,PEN,True,False,PEN,True,False,True
146,0,PEN,PEN,True,True,PEN,True,False,PEN,True,False,True
147,0,PEN,PEN,True,True,PEN,True,False,PEN,True,False,True
148,0,PEN,PEN,True,True,PEN,True,False,PEN,True,False,True
149,0,PEN,PEN,True,True,PEN,True,False,PEN,True,False,True
150,0,PEN,PEN,True,True,PEN,True,True,PEN,True,False,True
151,0,PEN,PEN,True,True,PEN,True,False,PEN,True,False,True
152,0,PEN,PEN,True,True,PEN,True,False,PEN,True,False,True
153,0,PEN,PEN,True,True,PEN,True,False,PEN,True,False,True
154,0,PEN,PEN,True,True,PEN,True,False,PEN,True,False,True
155,0,PEN,PEN,True,True,PEN,True,False,PEN,True,False,True
156,0,PEN,PEN,True,True,PEN,True,False,PEN,True,False,True
157,0,PEN,PEN,True,True,PEN,True,False,PEN,True,False,True
158,0,PEN,PEN,True,True,PEN,True,False,PEN,True,False,True
159,0,PEN,PEN,True,True,PEN,True,False,PEN,True,False,True
160,0,PEN,PEN,True,True,PEN,True,False,PEN,True,False,True
161,0,PEN,PEN,True,True,PEN,True,False,PEN,True,False,True
162,0,PEN,PEN,True,True,PEN,True,False,PEN,True,False,True
163,0,PEN,PEN,True,True,PEN,True,False,PEN,True,False,True
164,0,PEN,PEN,True,True,PEN,True,False,PEN,True,False,True
165,0,PEN,PEN,True,True,PEN,True,False,PEN,True,False,True
166,0,PEN,PEN,True,True,PEN,True,False,PEN,True,False,True
167,0,PEN,PEN,True,True,PEN,True,False,PEN,True,False,True
168,0,PEN,PEN,True,True,PEN,True,False,PEN,True,False,True
169,0,PEN,PEN,True,True,PEN,True,False,PEN,True,False,True
170,0,PEN,PEN,True,True,PEN,True,False,PEN,True,False,True
171,0,PEN,PEN,True,True,PEN,True,False,PEN,True,False,True
172,0,PEN,PEN,True,True,PEN,True,False,PEN,True,False,True
173,0,PEN,PEN,True,True,PEN,True,False,PEN,True,False,True
174,0,PEN,PEN,True,True,PEN,True,False,PEN,True,False,True
175,0,PEN,PEN,True,True,PEN,True,False,PEN,True,False,True
176,0,PEN,PEN,True,True,PEN,True,False,PEN,True,False,True
177,0,PEN,PEN,True,True,PEN,True,False,PEN,True,False,True
178,0,PEN,PEN,True,True,PEN,True,False,PEN,True,False,True
179,0,PEN,PEN,True,True,PEN,True,False,PEN,True,False,True
180,0,PEN,PEN,True,True,PEN,True,True,PEN,True,False,True
181,0,PEN,PEN,True,True,PEN,True,False,PEN,True,False,True
182,0,PEN,PEN,True,True,PEN,True,False,PEN,True,False,True
183,0,PEN,PEN,True,True,PEN,True,False,PEN,True,False,True
184,0,PEN,PEN,True,True,PEN,True,False,PEN,True,False,True
185,0,PEN,PEN,True,True,PEN,True,False,PEN,True,False,True
186,0,PEN,PEN,True,True,PEN,True,False,PEN,True,False,True
187,0,PEN,PEN,True,True,PEN,True,False,PEN,True,False,True
188,0,PEN,PEN,True,True,PEN,True,False,PEN,True,False,True
189,0,PEN,PEN,True,True,PEN,True,False,PEN,True,False,True
190,0,PEN,PEN,True,True,PEN,True,False,PEN,True,False,True
191,0,PEN,PEN,True,True,PEN,True,False,PEN,True,False,True
192,0,PEN,PEN,True,True,PEN,True,False,PEN,True,False,True
193,0,PEN,PEN,True,True,PEN,True,False,PEN,True,False,True
194,0,PEN,PEN,True,True,PEN,True,False,PEN,True,False,True
195,0,PEN,PEN,True,True,PEN,True,False,PEN,True,False,True
196,0,PEN,PEN,True,True,PEN,True,False,PEN,True,False,True
197,0,PEN,PEN,True,True,PEN,True,False,PEN,True,False,True
198,0,PEN,PEN,True,True,PEN,True,False,PEN,True,False,True
199,0,PEN,PEN,True,True,PEN,True,False,PEN,True,False,True
200,0,PEN,PEN,True,True,PEN,True,False,PEN,True,False,True
201,0,PEN,PEN,True,True,PEN,True,False,PEN,True,False,True
202,0,PEN,PEN,True,True,PEN,True,False,PEN,True,False,True
203,0,PEN,PEN,True,True,PEN,True,False,PEN,True,False,True
204,0,PEN,PEN,True,True,PEN,True,False,PEN,True,False,True
205,0,PEN,PEN,True,True,PEN,True,False,PEN,True,False,True
206,0,PEN,PEN,True,True,PEN,True,False,PEN,True,False,True
207,0,PEN,PEN,True,True,PEN,True,False,PEN,True,False,True
208,0,PEN,PEN,True,True,PEN,True,False,PEN,True,False,True
209,0,PEN,PEN,True,True,PEN,True,False,PEN,True,False,True
210,0,PEN,PEN,True,True,PEN,True,True,PEN,True,False,True
211,0,PEN,PEN,True,True,PEN,True,False,PEN,True,False,True
212,0,PEN,PEN,True,True,PEN,True,False,PEN,True,False,True
213,0,PEN,PEN,True,True,PEN,True,False,PEN,True,False,True
214,0,PEN,PEN,True,True,PEN,True,False,PEN,True,False,True
215,0,PEN,PEN,True,True,PEN,True,False,PEN,True,False,True
216,0,PEN,PEN,True,True,PEN,True,False,PEN,True,False,True
217,0,PEN,PEN,True,True,PEN,True,False,PEN,True,False,True
218,0,PEN,PEN,True,True,PEN,True,False,PEN,True,False,True
219,0,PEN,PEN,True,True,PEN,True,False,PEN,True,False,True
220,0,PEN,PEN,True,True,PEN,True,False,PEN,True,False,True
221,0,PEN,PEN,True,True,PEN,True,False,PEN,True,False,True
222,0,PEN,PEN,True,True,PEN,True,False,PEN,True,False,True
223,0,PEN,PEN,True,True,PEN,True,False,PEN,True,False,True
224,0,PEN,PEN,True,True,PEN,True,False,PEN,True,False,True
225,0,PEN,PEN,True,True,PEN,True,False,PEN,True,False,True
226,0,PEN,PEN,True,True,PEN,True,False,PEN,True,False,True
227,0,PEN,PEN,True,True,PEN,True,False,PEN,True,False,True
228,0,PEN,PEN,True,True,PEN,True,False,PEN,True,False,True
229,0,PEN,PEN,True,True,PEN,True,False,PEN,True,False,True
230,0,PEN,PEN,True,True,PEN,True,False,PEN,True,False,True
231,0,PEN,PEN,True,True,PEN,True,False,PEN,True,False,True
232,0,PEN,PEN,True,True,PEN,True,False,PEN,True,False,True
233,0,PEN,PEN,True,True,PEN,True,False,PEN,True,False,True
234,0,PEN,PEN,True,True,PEN,True,False,PEN,True,False,True
235,0,PEN,PEN,True,True,PEN,True,False,PEN,True,False,True
236,0,PEN,PEN,True,True,PEN,True,False,PEN,True,False,True
237,0,PEN,PEN,True,True,PEN,True,False,PEN,True,False,True
238,0,PEN,PEN,True,True,PEN,True,False,PEN,True,False,True
239,0,PEN,PEN,True,True,PEN,True,False,PEN,True,False,True
240,0,PEN,PEN,True,True,PEN,True,True,PEN,True,False,True
241,0,PEN,PEN,True,True,PEN,True,False,PEN,True,False,True
242,0,PEN,PEN,True,True,PEN,True,False,PEN,True,False,True
243,0,PEN,PEN,True,True,PEN,True,False,PEN,True,False,True
244,0,PEN,PEN,True,True,PEN,True,False,PEN,True,False,True
245,0,PEN,PEN,True,True,PEN,True,False,PEN,True,False,True
246,0,PEN,PEN,True,True,PEN,True,False,PEN,True,False,True
247,0,PEN,PEN,True,True,PEN,True,False,PEN,True,False,True
248,0,PEN,PEN,True,True,PEN,True,False,PEN,True,False,True
249,0,PEN,PEN,True,True,PEN,True,False,PEN,True,False,True
250,0,PEN,PEN,True,True,PEN,True,False,PEN,True,False,True
251,0,PEN,PEN,True,True,PEN,True,False,PEN,True,False,True
252,0,PEN,PEN,True,True,PEN,True,False,PEN,True,False,True
253,0,PEN,PEN,True,True,PEN,True,False,PEN,True,False,True
254,0,PEN,PEN,True,True,PEN,True,False,PEN,True,False,True
255,0,PEN,PEN,True,True,PEN,True,False,PEN,True,False,True
256,0,PEN,PEN,True,True,PEN,True,False,PEN,True,False,True
257,0,PEN,PEN,True,True,PEN,True,False,PEN,True,False,True
258,0,PEN,PEN,True,True,PEN,True,False,PEN,True,False,True
259,0,PEN,PEN,True,True,PEN,True,False,PEN,True,False,True
260,0,PEN,PEN,True,True,PEN,True,False,PEN,True,False,True
261,0,PEN,PEN,True,True,PEN,True,False,PEN,True,False,True
262,0,PEN,PEN,True,True,PEN,True,False,PEN,True,False,True
263,0,PEN,PEN,True,True,PEN,True,False,PEN,True,False,True
264,0,PEN,PEN,True,True,PEN,True,False,PEN,True,False,True
265,0,PEN,PEN,True,True,PEN,True,False,PEN,True,False,True
266,0,PEN,PEN,True,True,PEN,True,False,PEN,True,False,True
267,0,PEN,PEN,True,True,PEN,True,False,PEN,True,False,True
268,0,PEN,PEN,True,True,PEN,True,False,PEN,True,False,True
269,0,PEN,PEN,True,True,PEN,True,False,PEN,True,False,True
270,0,PEN,PEN,True,True,PEN,True,True,PEN,True,False,True
271,0,PEN,PEN,True,True,PEN,True,False,PEN,True,False,True
272,0,PEN,PEN,True,True,PEN,True,False,PEN,True,False,True
273,0,PEN,PEN,True,True,PEN,True,False,PEN,True,False,True
274,0,PEN,PEN,True,True,PEN,True,False,PEN,True,False,True
275,0,PEN,PEN,True,True,PEN,True,False,PEN,True,False,True
276,0,PEN,PEN,True,True,PEN,True,False,PEN,True,False,True
277,0,PEN,PEN,True,True,PEN,True,False,PEN,True,False,True
278,0,PEN,PEN,True,True,PEN,True,False,PEN,True,False,True
279,0,PEN,PEN,True,True,PEN,True,False,PEN,True,False,True
280,0,PEN,PEN,True,True,PEN,True,False,PEN,True,False,True
281,0,PEN,PEN,True,True,PEN,True,False,PEN,True,False,True
282,0,PEN,PEN,True,True,PEN,True,False,PEN,True,False,True
283,0,PEN,PEN,True,True,PEN,True,False,PEN,True,False,True
284,0,PEN,PEN,True,True,PEN,True,False,PEN,True,False,True
285,0,PEN,PEN,True,True,PEN,True,False,PEN,True,False,True
286,0,PEN,PEN,True,True,PEN,True,False,PEN,True,False,True
287,0,PEN,PEN,True,True,PEN,True,False,PEN,True,False,True
288,0,PEN,PEN,True,True,PEN,True,False,PEN,True,False,True
289,0,PEN,PEN,True,True,PEN,True,False,PEN,True,False,True
290,0,PEN,PEN,True,True,PEN,True,False,PEN,True,False,True
291,0,PEN,PEN,True,True,PEN,True,False,PEN,True,False,True
292,0,PEN,PEN,True,True,PEN,True,False,PEN,True,False,True
293,0,PEN,PEN,True,True,PEN,True,False,PEN,True,False,True
294,0,PEN,PEN,True,True,PEN,True,False,PEN,True,False,True
295,0,PEN,PEN,True,True,PEN,True,False,PEN,True,False,True
296,0,PEN,PEN,True,True,PEN,True,False,PEN,True,False,True
297,0,PEN,PEN,True,True,PEN,True,False,PEN,True,False,True
298,0,PEN,PEN,True,True,PEN,True,False,PEN,True,False,True
299,0,PEN,PEN,True,True,PEN,True,False,PEN,True,False,True
300,0,PEN,PEN,True,True,PEN,True,True,PEN,True,False,True
301,0,PEN,PEN,True,True,PEN,True,False,PEN,True,False,True
302,0,PEN,PEN,True,True,PEN,True,False,PEN,True,False,True
303,0,PEN,PEN,True,True,PEN,True,False,PEN,True,False,True
304,0,PEN,PEN,True,True,PEN,True,False,PEN,True,False,True
305,0,PEN,PEN,True,True,PEN,True,False,PEN,True,False,True
306,0,PEN,PEN,True,True,PEN,True,False,PEN,True,False,True
307,0,PEN,PEN,True,True,PEN,True,False,PEN,True,False,True
308,0,PEN,PEN,True,True,PEN,True,False,PEN,True,False,True
309,0,PEN,PEN,True,True,PEN,True,False,PEN,True,False,True
310,0,PEN,PEN,True,True,PEN,True,False,PEN,True,False,True
311,0,PEN,PEN,True,True,PEN,True,False,PEN,True,False,True
312,0,PEN,PEN,True,True,PEN,True,False,PEN,True,False,True
313,0,PEN,PEN,True,True,PEN,True,False,PEN,True,False,True
314,0,PEN,PEN,True,True,PEN,True,False,PEN,True,False,True
315,0,PEN,PEN,True,True,PEN,True,False,PEN,True,False,True
316,0,PEN,PEN,True,True,PEN,True,False,PEN,True,False,True
317,0,PEN,PEN,True,True,PEN,True,False,PEN,True,False,True
318,0,PEN,PEN,True,True,PEN,True,False,PEN,True,False,True
319,0,PEN,PEN,True,True,PEN,True,False,PEN,True,False,True
320,0,PEN,PEN,True,True,PEN,True,False,PEN,True,False,True
321,0,PEN,PEN,True,True,PEN,True,False,PEN,True,False,True
322,0,PEN,PEN,True,True,PEN,True,False,PEN,True,False,True
323,0,PEN,PEN,True,True,PEN,True,False,PEN,True,False,True
324,0,PEN,PEN,True,True,PEN,True,False,PEN,True,False,True
325,0,PEN,PEN,True,True,PEN,True,False,PEN,True,False,True
326,0,PEN,PEN,True,True,PEN,True,False,PEN,True,False,True
327,0,PEN,PEN,True,True,PEN,True,False,PEN,True,False,True
328,0,PEN,PEN,True,True,PEN,True,False,PEN,True,False,True
329,0,PEN,PEN,True,True,PEN,True,False,PEN,True,False,True
330,0,PEN,PEN,True,True,PEN,True,True,PEN,True,False,True
331,0,PEN,PEN,True,True,PEN,True,False,PEN,True,False,True
332,0,PEN,PEN,True,True,PEN,True,False,PEN,True,False,True
333,0,PEN,PEN,True,True,PEN,True,False,PEN,True,False,True
334,0,PEN,PEN,True,True,PEN,True,False,PEN,True,False,True
335,0,PEN,PEN,True,True,PEN,True,False,PEN,True,False,True
336,0,PEN,PEN,True,True,PEN,True,False,PEN,True,False,True
337,0,PEN,PEN,True,True,PEN,True,False,PEN,True,False,True
338,0,PEN,PEN,True,True,PEN,True,False,PEN,True,False,True
339,0,PEN,PEN,True,True,PEN,True,False,PEN,True,False,True
340,0,PEN,PEN,True,True,PEN,True,False,PEN,True,False,True
341,0,PEN,PEN,True,True,PEN,True,False,PEN,True,False,True
342,0,PEN,PEN,True,True,PEN,True,False,PEN,True,False,True
343,0,PEN,PEN,True,True,PEN,True,False,PEN,True,False,True
344,0,PEN,PEN,True,True,PEN,True,False,PEN,True,False,True
345,0,PEN,PEN,True,True,PEN,True,False,PEN,True,False,True
346,0,PEN,PEN,True,True,PEN,True,False,PEN,True,False,True
347,0,PEN,PEN,True,True,PEN,True,False,PEN,True,False,True
348,0,PEN,PEN,True,True,PEN,True,False,PEN,True,False,True
349,0,PEN,PEN,True,True,PEN,True,False,PEN,True,False,True
350,0,PEN,PEN,True,True,PEN,True,False,PEN,True,False,True
351,0,PEN,PEN,True,True,PEN,True,False,PEN,True,False,True
352,0,PEN,PEN,True,True,PEN,True,False,PEN,True,False,True
353,0,PEN,PEN,True,True,PEN,True,False,PEN,True,False,True
354,0,PEN,PEN,True,True,PEN,True,False,PEN,True,False,True
355,0,PEN,PEN,True,True,PEN,True,False,PEN,True,False,True
356,0,PEN,PEN,True,True,PEN,True,False,PEN,True,False,True
357,0,PEN,PEN,True,True,PEN,True,False,PEN,True,False,True
358,0,PEN,PEN,True,True,PEN,True,False,PEN,True,False,True
359,0,PEN,PEN,True,True,PEN,True,False,PEN,True,False,True
360,0,PEN,PEN,True,True,PEN,True,True,PEN,True,False,True
361,0,PEN,PEN,True,True,PEN,True,False,PEN,True,False,True
362,0,PEN,PEN,True,True,PEN,True,False,PEN,True,False,True
363,0,PEN,PEN,True,True,PEN,True,False,PEN,True,False,True
364,0,PEN,PEN,True,True,PEN,True,False,PEN,True,False,True
365,0,PEN,PEN,True,True,PEN,True,False,PEN,True,False,True
366,0,PEN,PEN,True,True,PEN,True,False,PEN,True,False,True
367,0,PEN,PEN,True,True,PEN,True,False,PEN,True,False,True
368,0,PEN,PEN,True,True,PEN,True,False,PEN,True,False,True
369,0,PEN,PEN,True,True,PEN,True,False,PEN,True,False,True
370,0,PEN,PEN,True,True,PEN,True,False,PEN,True,False,True
371,0,PEN,PEN,True,True,PEN,True,False,PEN,True,False,True
372,0,PEN,PEN,True,True,PEN,True,False,PEN,True,False,True
373,0,PEN,PEN,True,True,PEN,True,False,PEN,True,False,True
374,0,PEN,PEN,True,True,PEN,True,False,PEN,True,False,True
375,0,PEN,PEN,True,True,PEN,True,False,PEN,True,False,True
376,0,PEN,PEN,True,True,PEN,True,False,PEN,True,False,True
377,0,PEN,PEN,True,True,PEN,True,False,PEN,True,False,True
378,0,PEN,PEN,True,True,PEN,True,False,PEN,True,False,True
379,0,PEN,PEN,True,True,PEN,True,False,PEN,True,False,True
380,0,PEN,PEN,True,True,PEN,True,False,PEN,True,False,True
381,0,PEN,PEN,True,True,PEN,True,False,PEN,True,False,True
382,0,PEN,PEN,True,True,PEN,True,False,PEN,True,False,True
383,0,PEN,PEN,True,True,PEN,True,False,PEN,True,False,True
384,0,PEN,PEN,True,True,PEN,True,False,PEN,True,False,True
385,0,PEN,PEN,True,True,PEN,True,False,PEN,True,False,True
386,0,PEN,PEN,True,True,PEN,True,False,PEN,True,False,True
387,0,PEN,PEN,True,True,PEN,True,False,PEN,True,False,True
388,0,PEN,PEN,True,True,PEN,True,False,PEN,True,False,True
389,0,PEN,PEN,True,True,PEN,True,False,PEN,True,False,True
390,0,PEN,PEN,True,True,PEN,True,True,PEN,True,False,True
391,0,PEN,PEN,True,True,PEN,True,False,PEN,True,False,True
392,0,PEN,PEN,True,True,PEN,True,False,PEN,True,False,True
393,0,PEN,PEN,True,True,PEN,True,False,PEN,True,False,True
394,0,PEN,PEN,True,True,PEN,True,False,PEN,True,False,True
395,0,PEN,PEN,True,True,PEN,True,False,PEN,True,False,True
396,0,PEN,PEN,True,True,PEN,True,False,PEN,True,False,True
397,0,PEN,PEN,True,True,PEN,True,False,PEN,True,False,True
398,0,PEN,PEN,True,True,PEN,True,False,PEN,True,False,True
399,0,PEN,PEN,True,True,PEN,True,False,PEN,True,False,True
400,0,PEN,PEN,True,True,PEN,True,False,PEN,True,False,True
401,0,PEN,PEN,True,True,PEN,True,False,PEN,True,False,True
402,0,PEN,PEN,True,True,PEN,True,False,PEN,True,False,True
403,0,PEN,PEN,True,True,PEN,True,False,PEN,True,False,True
404,0,PEN,PEN,True,True,PEN,True,False,PEN,True,False,True
405,0,PEN,PEN,True,True,PEN,True,False,PEN,True,False,True
406,0,PEN,PEN,True,True,PEN,True,False,PEN,True,False,True
407,0,PEN,PEN,True,True,PEN,True,False,PEN,True,False,True
408,0,PEN,PEN,True,True,PEN,True,False,PEN,True,False,True
409,0,PEN,PEN,True,True,PEN,True,False,PEN,True,False,True
410,0,PEN,PEN,True,True,PEN,True,False,PEN,True,False,True
411,0,PEN,PEN,True,True,PEN,True,False,PEN,True,False,True
412,0,PEN,PEN,True,True,PEN,True,False,PEN,True,False,True
413,0,PEN,PEN,True,True,PEN,True,False,PEN,True,False,True
414,0,PEN,PEN,True,True,PEN,True,False,PEN,True,False,True
415,0,PEN,PEN,True,True,PEN,True,False,PEN,True,False,True
416,0,PEN,PEN,True,True,PEN,True,False,PEN,True,False,True
417,0,PEN,PEN,True,True,PEN,True,False,PEN,True,False,True
418,0,PEN,PEN,True,True,PEN,True,False,PEN,True,False,True
419,0,PEN,PEN,True,True,PEN,True,False,PEN,True,False,True
420,0,PEN,PEN,True,True,PEN,True,True,PEN,True,False,True
421,0,PEN,PEN,True,True,PEN,True,False,PEN,True,False,True
422,0,PEN,PEN,True,True,PEN,True,False,PEN,True,False,True
423,0,PEN,PEN,True,True,PEN,True,False,PEN,True,False,True
424,0,PEN,PEN,True,True,PEN,True,False,PEN,True,False,True
425,0,PEN,PEN,True,True,PEN,True,False,PEN,True,False,True
426,0,PEN,PEN,True,True,PEN,True,False,PEN,True,False,True
427,0,PEN,PEN,True,True,PEN,True,False,PEN,True,False,True
428,0,PEN,PEN,True,True,PEN,True,False,PEN,True,False,True
429,0,PEN,PEN,True,True,PEN,True,False,PEN,True,False,True
430,0,PEN,PEN,True,True,PEN,True,False,PEN,True,False,True
431,0,PEN,PEN,True,True,PEN,True,False,PEN,True,False,True
432,0,PEN,PEN,True,True,PEN,True,False,PEN,True,False,True
433,0,PEN,PEN,True,True,PEN,True,False,PEN,True,False,True
434,0,PEN,PEN,True,True,PEN,True,False,PEN,True,False,True
435,0,PEN,PEN,True,True,PEN,True,False,PEN,True,False,True
436,0,PEN,PEN,True,True,PEN,True,False,PEN,True,False,True
437,0,PEN,PEN,True,True,PEN,True,False,PEN,True,False,True
438,0,PEN,PEN,True,True,PEN,True,False,PEN,True,False,True
439,0,PEN,PEN,True,True,PEN,True,False,PEN,True,False,True
440,0,PEN,PEN,True,True,PEN,True,False,PEN,True,False,True
441,0,PEN,PEN,True,True,PEN,True,False,PEN,True,False,True
442,0,PEN,PEN,True,True,PEN,True,False,PEN,True,False,True
443,0,PEN,PEN,True,True,PEN,True,False,PEN,True,False,True
444,0,PEN,PEN,True,True,PEN,True,False,PEN,True,False,True
445,0,PEN,PEN,True,True,PEN,True,False,PEN,True,False,True
446,0,PEN,PEN,True,True,PEN,True,False,PEN,True,False,True
447,0,PEN,PEN,True,True,PEN,True,False,PEN,True,False,True
448,0,PEN,PEN,True,True,PEN,True,False,PEN,True,False,True
449,0,PEN,PEN,True,True,PEN,True,False,PEN,True,False,True
450,0,PEN,PEN,True,True,PEN,True,True,PEN,True,False,True
451,0,PEN,PEN,True,True,PEN,True,False,PEN,True,False,True
452,0,PEN,PEN,True,True,PEN,True,False,PEN,True,False,True
453,0,PEN,PEN,True,True,PEN,True,False,PEN,True,False,True
454,0,PEN,PEN,True,True,PEN,True,False,PEN,True,False,True
455,0,PEN,PEN,True,True,PEN,True,False,PEN,True,False,True
456,0,PEN,PEN,True,True,PEN,True,False,PEN,True,False,True
457,0,PEN,PEN,True,True,PEN,True,False,PEN,True,False,True
458,0,PEN,PEN,True,True,PEN,True,False,PEN,True,False,True
459,0,PEN,PEN,True,True,PEN,True,False,PEN,True,False,True
460,0,PEN,PEN,True,True,PEN,True,False,PEN,True,False,True
461,0,PEN,PEN,True,True,PEN,True,False,PEN,True,False,True
462,0,PEN,PEN,True,True,PEN,True,False,PEN,True,False,True
463,0,PEN,PEN,True,True,PEN,True,False,PEN,True,False,True
464,0,PEN,PEN,True,True,PEN,True,False,PEN,True,False,True
465,0,PEN,PEN,True,True,PEN,True,False,PEN,True,False,True
466,0,PEN,PEN,True,True,PEN,True,False,PEN,True,False,True
467,0,PEN,PEN,True,True,PEN,True,False,PEN,True,False,True
468,0,PEN,PEN,True,True,PEN,True,False,PEN,True,False,True
469,0,PEN,PEN,True,True,PEN,True,False,PEN,True,False,True
470,0,PEN,PEN,True,True,PEN,True,False,PEN,True,False,True
471,0,PEN,PEN,True,True,PEN,True,False,PEN,True,False,True
472,0,PEN,PEN,True,True,PEN,True,False,PEN,True,False,True
473,0,PEN,PEN,True,True,PEN,True,False,PEN,True,False,True
474,0,PEN,PEN,True,True,PEN,True,False,PEN,True,False,True
475,0,PEN,PEN,True,True,PEN,True,False,PEN,True,False,True
476,0,PEN,PEN,True,True,PEN,True,False,PEN,True,False,True
477,0,PEN,PEN,True,True,PEN,True,False,PEN,True,False,True
478,0,PEN,PEN,True,True,PEN,True,False,PEN,True,False,True
479,0,PEN,PEN,True,True,PEN,True,False,PEN,True,False,True
480,0,PEN,PEN,True,True,PEN,True,True,PEN,True,False,True
481,0,PEN,PEN,True,True,PEN,True,False,PEN,True,False,True
482,0,PEN,PEN,True,True,PEN,True,False,PEN,True,False,True
483,0,PEN,PEN,True,True,PEN,True,False,PEN,True,False,True
484,0,PEN,PEN,True,True,PEN,True,False,PEN,True,False,True
485,0,PEN,PEN,True,True,PEN,True,False,PEN,True,False,True
486,0,PEN,PEN,True,True,PEN,True,False,PEN,True,False,True
487,0,PEN,PEN,True,True,PEN,True,False,PEN,True,False,True
488,0,PEN,PEN,True,True,PEN,True,False,PEN,True,False,True
489,0,PEN,PEN,True,True,PEN,True,False,PEN,True,False,True
490,0,PEN,PEN,True,True,PEN,True,False,PEN,True,False,True
491,0,PEN,PEN,True,True,PEN,True,False,PEN,True,False,True
492,0,PEN,PEN,True,True,PEN,True,False,PEN,True,False,True
493,0,PEN,PEN,True,True,PEN,True,False,PEN,True,False,True
494,0,PEN,PEN,True,True,PEN,True,False,PEN,True,False,True
495,0,PEN,PEN,True,True,PEN,True,False,PEN,True,False,True
496,0,PEN,PEN,True,True,PEN,True,False,PEN,True,False,True
497,0,PEN,PEN,True,True,PEN,True,False,PEN,True,False,True
498,0,PEN,PEN,True,True,PEN,True,False,PEN,True,False,True
499,0,PEN,PEN,True,True,PEN,True,False,PEN,True,False,True
500,0,PEN,PEN,True,True,PEN,True,False,PEN,True,False,True
501,0,PEN,PEN,True,True,PEN,True,False,PEN,True,False,True
502,0,PEN,PEN,True,True,PEN,True,False,PEN,True,False,True
503,0,PEN,PEN,True,True,PEN,True,False,PEN,True,False,True
504,0,PEN,PEN,True,True,PEN,True,False,PEN,True,False,True
505,0,PEN,PEN,True,True,PEN,True,False,PEN,True,False,True
506,0,PEN,PEN,True,True,PEN,True,False,PEN,True,False,True
507,0,PEN,PEN,True,True,PEN,True,False,PEN,True,False,True
508,0,PEN,PEN,True,True,PEN,True,False,PEN,True,False,True
509,0,PEN,PEN,True,True,PEN,True,False,PEN,True,False,True
510,0,PEN,PEN,True,True,PEN,True,True,PEN,True,False,True
511,0,PEN,PEN,True,True,PEN,True,False,PEN,True,False,True
512,0,PEN,PEN,True,True,PEN,True,False,PEN,True,False,True
513,0,PEN,PEN,True,True,PEN,True,False,PEN,True,False,True
514,0,PEN,PEN,True,True,PEN,True,False,PEN,True,False,True
515,0,PEN,PEN,True,True,PEN,True,False,PEN,True,False,True
516,0,PEN,PEN,True,True,PEN,True,False,PEN,True,False,True
517,0,PEN,PEN,True,True,PEN,True,False,PEN,True,False,True
518,0,PEN,PEN,True,True,PEN,True,False,PEN,True,False,True
519,0,PEN,PEN,True,True,PEN,True,False,PEN,True,False,True
520,0,PEN,PEN,True,True,PEN,True,False,PEN,True,False,True
521,0,PEN,PEN,True,True,PEN,True,False,PEN,True,False,True
522,0,PEN,PEN,True,True,PEN,True,False,PEN,True,False,True
523,0,PEN,PEN,True,True,PEN,True,False,PEN,True,False,True
524,0,PEN,PEN,True,True,PEN,True,False,PEN,True,False,True
525,0,PEN,PEN,True,True,PEN,True,False,PEN,True,False,True
526,0,PEN,PEN,True,True,PEN,True,False,PEN,True,False,True
527,0,PEN,PEN,True,True,PEN,True,False,PEN,True,False,True
528,0,PEN,PEN,True,True,PEN,True,False,PEN,True,False,True
529,0,PEN,PEN,True,True,PEN,True,False,PEN,True,False,True
530,0,PEN,PEN,True,True,PEN,True,False,PEN,True,False,True
531,0,PEN,PEN,True,True,PEN,True,False,PEN,True,False,True
532,0,PEN,PEN,True,True,PEN,True,False,PEN,True,False,True
533,0,PEN,PEN,True,True,PEN,True,False,PEN,True,False,True
534,0,PEN,PEN,True,True,PEN,True,False,PEN,True,False,True
535,0,PEN,PEN,True,True,PEN,True,False,PEN,True,False,True
536,0,PEN,PEN,True,True,PEN,True,False,PEN,True,False,True
537,0,PEN,PEN,True,True,PEN,True,False,PEN,True,False,True
538,0,PEN,PEN,True,True,PEN,True,False,PEN,True,False,True
539,0,PEN,PEN,True,True,PEN,True,False,PEN,True,False,True
540,0,PEN,PEN,True,True,PEN,True,True,PEN,True,False,True
541,0,PEN,PEN,True,True,PEN,True,False,PEN,True,False,True
542,0,PEN,PEN,True,True,PEN,True,False,PEN,True,False,True
543,0,PEN,PEN,True,True,PEN,True,False,PEN,True,False,True
544,0,PEN,PEN,True,True,PEN,True,False,PEN,True,False,True
545,0,PEN,PEN,True,True,PEN,True,False,PEN,True,False,True
546,0,PEN,PEN,True,True,PEN,True,False,PEN,True,False,True
547,0,PEN,PEN,True,True,PEN,True,False,PEN,True,False,True
548,0,PEN,PEN,True,True,PEN,True,False,PEN,True,False,True
549,0,PEN,PEN,True,True,PEN,True,False,PEN,True,False,True
550,0,PEN,PEN,True,True,PEN,True,False,PEN,True,False,True
551,0,PEN,PEN,True,True,PEN,True,False,PEN,True,False,True
552,0,PEN,PEN,True,True,PEN,True,False,PEN,True,False,True
553,0,PEN,PEN,True,True,PEN,True,False,PEN,True,False,True
554,0,PEN,PEN,True,True,PEN,True,False,PEN,True,False,True
555,0,PEN,PEN,True,True,PEN,True,False,PEN,True,False,True
556,0,PEN,PEN,True,True,PEN,True,False,PEN,True,False,True
557,0,PEN,PEN,True,True,PEN,True,False,PEN,True,False,True
558,0,PEN,PEN,True,True,PEN,True,False,PEN,True,False,True
559,0,PEN,PEN,True,True,PEN,True,False,PEN,True,False,True
560,0,PEN,PEN,True,True,PEN,True,False,PEN,True,False,True
561,0,PEN,PEN,True,True,PEN,True,False,PEN,True,False,True
562,0,PEN,PEN,True,True,PEN,True,False,PEN,True,False,True
563,0,PEN,PEN,True,True,PEN,True,False,PEN,True,False,True
564,0,PEN,PEN,True,True,PEN,True,False,PEN,True,False,True
565,0,PEN,PEN,True,True,PEN,True,False,PEN,True,False,True
566,0,PEN,PEN,True,True,PEN,True,False,PEN,True,False,True
567,0,PEN,PEN,True,True,PEN,True,False,PEN,True,False,True
568,0,PEN,PEN,True,True,PEN,True,False,PEN,True,False,True
569,0,PEN,PEN,True,True,PEN,True,False,PEN,True,False,True
570,0,PEN,PEN,True,True,PEN,True,True,PEN,True,False,True
571,0,PEN,PEN,True,True,PEN,True,False,PEN,True,False,True
572,0,PEN,PEN,True,True,PEN,True,False,PEN,True,False,True
573,0,PEN,PEN,True,True,PEN,True,False,PEN,True,False,True
574,0,PEN,PEN,True,True,PEN,True,False,PEN,True,False,True
575,0,PEN,PEN,True,True,PEN,True,False,PEN,True,False,True
576,0,PEN,PEN,True,True,PEN,True,False,PEN,True,False,True
577,0,PEN,PEN,True,True,PEN,True,False,PEN,True,False,True
578,0,PEN,PEN,True,True,PEN,True,False,PEN,True,False,True
579,0,PEN,PEN,True,True,PEN,True,False,PEN,True,False,True
580,0,PEN,PEN,True,True,PEN,True,False,PEN,True,False,True
581,0,PEN,PEN,True,True,PEN,True,False,PEN,True,False,True
582,0,PEN,PEN,True,True,PEN,True,False,PEN,True,False,True
583,0,PEN,PEN,True,True,PEN,True,False,PEN,True,False,True
584,0,PEN,PEN,True,True,PEN,True,False,PEN,True,False,True
585,0,PEN,PEN,True,True,PEN,True,False,PEN,True,False,True
586,0,PEN,PEN,True,True,PEN,True,False,PEN,True,False,True
587,0,PEN,PEN,True,True,PEN,True,False,PEN,True,False,True
588,0,PEN,PEN,True,True,PEN,True,False,PEN,True,False,True
589,0,PEN,PEN,True,True,PEN,True,False,PEN,True,False,True
590,0,PEN,PEN,True,True,PEN,True,False,PEN,True,False,True
591,0,PEN,PEN,True,True,PEN,True,False,PEN,True,False,True
592,0,PEN,PEN,True,True,PEN,True,False,PEN,True,False,True
593,0,PEN,PEN,True,True,PEN,True,False,PEN,True,False,True
594,0,PEN,PEN,True,True,PEN,True,False,PEN,True,False,True
595,0,PEN,PEN,True,True,PEN,True,False,PEN,True,False,True
596,0,PEN,PEN,True,True,PEN,True,False,PEN,True,False,True
597,0,PEN,PEN,True,True,PEN,True,False,PEN,True,False,True
598,0,PEN,PEN,True,True,PEN,True,False,PEN,True,False,True
599,0,PEN,PEN,True,True,PEN,True,False,PEN,True,False,True
600,0,PEN,PEN,True,True,PEN,True,True,PEN,True,False,True
601,0,PEN,PEN,True,True,PEN,True,False,PEN,True,False,True
602,0,PEN,PEN,True,True,PEN,True,False,PEN,True,False,True
603,0,PEN,PEN,True,True,PEN,True,False,PEN,True,False,True
604,0,PEN,PEN,True,True,PEN,True,False,PEN,True,False,True
605,0,PEN,PEN,True,True,PEN,True,False,PEN,True,False,True
606,0,PEN,PEN,True,True,PEN,True,False,PEN,True,False,True
607,0,PEN,PEN,True,True,PEN,True,False,PEN,True,False,True
608,0,PEN,PEN,True,True,PEN,True,False,PEN,True,False,True
609,0,PEN,PEN,True,True,PEN,True,False,PEN,True,False,True
610,0,PEN,PEN,True,True,PEN,True,False,PEN,True,False,True
611,0,PEN,PEN,True,True,PEN,True,False,PEN,True,False,True
612,0,PEN,PEN,True,True,PEN,True,False,PEN,True,False,True
613,0,PEN,PEN,True,True,PEN,True,False,PEN,True,False,True
614,0,PEN,PEN,True,True,PEN,True,False,PEN,True,False,True
615,0,PEN,PEN,True,True,PEN,True,False,PEN,True,False,True
616,0,PEN,PEN,True,True,PEN,True,False,PEN,True,False,True
617,0,PEN,PEN,True,True,PEN,True,False,PEN,True,False,True
618,0,PEN,PEN,True,True,PEN,True,False,PEN,True,False,True
619,0,PEN,PEN,True,True,PEN,True,False,PEN,True,False,True
620,0,PEN,PEN,True,True,PEN,True,False,PEN,True,False,True
621,0,PEN,PEN,True,True,PEN,True,False,PEN,True,False,True
622,0,PEN,PEN,True,True,PEN,True,False,PEN,True,False,True
623,0,PEN,PEN,True,True,PEN,True,False,PEN,True,False,True
624,0,PEN,PEN,True,True,PEN,True,False,PEN,True,False,True
625,0,PEN,PEN,True,True,PEN,True,False,PEN,True,False,True
626,0,PEN,PEN,True,True,PEN,True,False,PEN,True,False,True
627,0,PEN,PEN,True,True,PEN,True,False,PEN,True,False,True
628,0,PEN,PEN,True,True,PEN,True,False,PEN,True,False,True
629,0,PEN,PEN,True,True,PEN,True,False,PEN,True,False,True
630,0,PEN,PEN,True,True,PEN,True,True,PEN,True,False,True
631,0,PEN,PEN,True,True,PEN,True,False,PEN,True,False,True
632,0,PEN,PEN,True,True,PEN,True,False,PEN,True,False,True
633,0,PEN,PEN,True,True,PEN,True,False,PEN,True,False,True
634,0,PEN,PEN,True,True,PEN,True,False,PEN,True,False,True
635,0,PEN,PEN,True,True,PEN,True,False,PEN,True,False,True
636,0,PEN,PEN,True,True,PEN,True,False,PEN,True,False,True
637,0,PEN,PEN,True,True,PEN,True,False,PEN,True,False,True
638,0,PEN,PEN,True,True,PEN,True,False,PEN,True,False,True
639,0,PEN,PEN,True,True,PEN,True,False,PEN,True,False,True
640,0,PEN,PEN,True,True,PEN,True,False,PEN,True,False,True
641,0,PEN,PEN,True,True,PEN,True,False,PEN,True,False,True
642,0,PEN,PEN,True,True,PEN,True,False,PEN,True,False,True
643,0,PEN,PEN,True,True,PEN,True,False,PEN,True,False,True
644,0,PEN,PEN,True,True,PEN,True,False,PEN,True,False,True
645,0,PEN,PEN,True,True,PEN,True,False,PEN,True,False,True
646,0,PEN,PEN,True,True,PEN,True,False,PEN,True,False,True
647,0,PEN,PEN,True,True,PEN,True,False,PEN,True,False,True
648,0,PEN,PEN,True,True,PEN,True,False,PEN,True,False,True
649,0,PEN,PEN,True,True,PEN,True,False,PEN,True,False,True
650,0,PEN,PEN,True,True,PEN,True,False,PEN,True,False,True
651,0,PEN,PEN,True,True,PEN,True,False,PEN,True,False,True
652,0,PEN,PEN,True,True,PEN,True,False,PEN,True,False,True
653,0,PEN,PEN,True,True,PEN,True,False,PEN,True,False,True
654,0,PEN,PEN,True,True,PEN,True,False,PEN,True,False,True
655,0,PEN,PEN,True,True,PEN,True,False,PEN,True,False,True
656,0,PEN,PEN,True,True,PEN,True,False,PEN,True,False,True
657,0,PEN,PEN,True,True,PEN,True,False,PEN,True,False,True
658,0,PEN,PEN,True,True,PEN,True,False,PEN,True,False,True
659,0,PEN,PEN,True,True,PEN,True,False,PEN,True,False,True
660,0,PEN,PEN,True,True,PEN,True,True,PEN,True,False,True
661,0,PEN,PEN,True,True,PEN,True,False,PEN,True,False,True
662,0,PEN,PEN,True,True,PEN,True,False,PEN,True,False,True
663,0,PEN,PEN,True,True,PEN,True,False,PEN,True,False,True
664,0,PEN,PEN,True,True,PEN,True,False,PEN,True,False,True
665,0,PEN,PEN,True,True,PEN,True,False,PEN,True,False,True
666,0,PEN,PEN,True,True,PEN,True,False,PEN,True,False,True
667,0,PEN,PEN,True,True,PEN,True,False,PEN,True,False,True
668,0,PEN,PEN,True,True,PEN,True,False,PEN,True,False,True
669,0,PEN,PEN,True,True,PEN,True,False,PEN,True,False,True
670,0,PEN,PEN,True,True,PEN,True,False,PEN,True,False,True
671,0,PEN,PEN,True,True,PEN,True,False,PEN,True,False,True
672,0,PEN,PEN,True,True,PEN,True,False,PEN,True,False,True
673,0,PEN,PEN,True,True,PEN,True,False,PEN,True,False,True
674,0,PEN,PEN,True,True,PEN,True,False,PEN,True,False,True
675,0,PEN,PEN,True,True,PEN,True,False,PEN,True,False,True
676,0,PEN,PEN,True,True,PEN,True,False,PEN,True,False,True
677,0,PEN,PEN,True,True,PEN,True,False,PEN,True,False,True
678,0,PEN,PEN,True,True,PEN,True,False,PEN,True,False,True
679,0,PEN,PEN,True,True,PEN,True,False,PEN,True,False,True
680,0,PEN,PEN,True,True,PEN,True,False,PEN,True,False,True
681,0,PEN,PEN,True,True,PEN,True,False,PEN,True,False,True
682,0,PEN,PEN,True,True,PEN,True,False,PEN,True,False,True
683,0,PEN,PEN,True,True,PEN,True,False,PEN,True,False,True
684,0,PEN,PEN,True,True,PEN,True,False,PEN,True,False,True
685,0,PEN,PEN,True,True,PEN,True,False,PEN,True,False,True
686,0,PEN,PEN,True,True,PEN,True,False,PEN,True,False,True
687,0,PEN,PEN,True,True,PEN,True,False,PEN,True,False,True
688,0,PEN,PEN,True,True,PEN,True,False,PEN,True,False,True
689,0,PEN,PEN,True,True,PEN,True,False,PEN,True,False,True
690,0,PEN,PEN,True,True,PEN,True,True,PEN,True,False,True
691,0,PEN,PEN,True,True,PEN,True,False,PEN,True,False,True
692,0,PEN,PEN,True,True,PEN,True,False,PEN,True,False,True
693,0,PEN,PEN,True,True,PEN,True,False,PEN,True,False,True
694,0,PEN,PEN,True,True,PEN,True,False,PEN,True,False,True
695,0,PEN,PEN,True,True,PEN,True,False,PEN,True,False,True
696,0,PEN,PEN,True,True,PEN,True,False,PEN,True,False,True
697,0,PEN,PEN,True,True,PEN,True,False,PEN,True,False,True
698,0,PEN,PEN,True,True,PEN,True,False,PEN,True,False,True
699,0,PEN,PEN,True,True,PEN,True,False,PEN,True,False,True
700,0,PEN,PEN,True,True,PEN,True,False,PEN,True,False,True
701,0,PEN,PEN,True,True,PEN,True,False,PEN,True,False,True
702,0,PEN,PEN,True,True,PEN,True,False,PEN,True,False,True
703,0,PEN,PEN,True,True,PEN,True,False,PEN,True,False,True
704,0,PEN,PEN,True,True,PEN,True,False,PEN,True,False,True
705,0,PEN,PEN,True,True,PEN,True,False,PEN,True,False,True
706,0,PEN,PEN,True,True,PEN,True,False,PEN,True,False,True
707,0,PEN,PEN,True,True,PEN,True,False,PEN,True,False,True
708,0,PEN,PEN,True,True,PEN,True,False,PEN,True,False,True
709,0,PEN,PEN,True,True,PEN,True,False,PEN,True,False,True
710,0,PEN,PEN,True,True,PEN,True,False,PEN,True,False,True
711,0,PEN,PEN,True,True,PEN,True,False,PEN,True,False,True
712,0,PEN,PEN,True,True,PEN,True,False,PEN,True,False,True
713,0,PEN,PEN,True,True,PEN,True,False,PEN,True,False,True
714,0,PEN,PEN,True,True,PEN,True,False,PEN,True,False,True
715,0,PEN,PEN,True,True,PEN,True,False,PEN,True,False,True
716,0,PEN,PEN,True,True,PEN,True,False,PEN,True,False,True
717,0,PEN,PEN,True,True,PEN,True,False,PEN,True,False,True
718,0,PEN,PEN,True,True,PEN,True,False,PEN,True,False,True
719,0,PEN,PEN,True,True,PEN,True,False,PEN,True,False,True
720,0,PEN,PEN,True,True,PEN,True,True,PEN,True,False,True
721,0,PEN,PEN,True,True,PEN,True,False,PEN,True,False,True
722,0,PEN,PEN,True,True,PEN,True,False,PEN,True,False,True
723,0,PEN,PEN,True,True,PEN,True,False,PEN,True,False,True
724,0,PEN,PEN,True,True,PEN,True,False,PEN,True,False,True
725,0,PEN,PEN,True,True,PEN,True,False,PEN,True,False,True
726,0,PEN,PEN,True,True,PEN,True,False,PEN,True,False,True
727,0,PEN,PEN,True,True,PEN,True,False,PEN,True,False,True
728,0,PEN,PEN,True,True,PEN,True,False,PEN,True,False,True
729,0,PEN,PEN,True,True,PEN,True,False,PEN,True,False,True
730,0,PEN,PEN,True,True,PEN,True,False,PEN,True,False,True
731,0,PEN,PEN,True,True,PEN,True,False,PEN,True,False,True
732,0,PEN,PEN,True,True,PEN,True,False,PEN,True,False,True
733,0,PEN,PEN,True,True,PEN,True,False,PEN,True,False,True
734,0,PEN,PEN,True,True,PEN,True,False,PEN,True,False,True
735,0,PEN,PEN,True,True,PEN,True,False,PEN,True,False,True
736,0,PEN,PEN,True,True,PEN,True,False,PEN,True,False,True
737,0,PEN,PEN,True,True,PEN,True,False,PEN,True,False,True
738,0,PEN,PEN,True,True,PEN,True,False,PEN,True,False,True
739,0,PEN,PEN,True,True,PEN,True,False,PEN,True,False,True
740,0,PEN,PEN,True,True,PEN,True,False,PEN,True,False,True
741,0,PEN,PEN,True,True,PEN,True,False,PEN,True,False,True
742,0,PEN,PEN,True,True,PEN,True,False,PEN,True,False,True
743,0,PEN,PEN,True,True,PEN,True,False,PEN,True,False,True
744,0,PEN,PEN,True,True,PEN,True,False,PEN,True,False,True
745,0,PEN,PEN,True,True,PEN,True,False,PEN,True,False,True
746,0,PEN,PEN,True,True,PEN,True,False,PEN,True,False,True
747,0,PEN,PEN,True,True,PEN,True,False,PEN,True,False,True
748,0,PEN,PEN,True,True,PEN,True,False,PEN,True,False,True
749,0,PEN,PEN,True,True,PEN,True,False,PEN,True,False,True
750,0,PEN,PEN,True,True,PEN,True,True,PEN,True,False,True
751,0,PEN,PEN,True,True,PEN,True,False,PEN,True,False,True
752,0,PEN,PEN,True,True,PEN,True,False,PEN,True,False,True
753,0,PEN,PEN,True,True,PEN,True,False,PEN,True,False,True
754,0,PEN,PEN,True,True,PEN,True,False,PEN,True,False,True
755,0,PEN,PEN,True,True,PEN,True,False,PEN,True,False,True
756,0,PEN,PEN,True,True,PEN,True,False,PEN,True,False,True
757,0,PEN,PEN,True,True,PEN,True,False,PEN,True,False,True
758,0,PEN,PEN,True,True,PEN,True,False,PEN,True,False,True
759,0,PEN,PEN,True,True,PEN,True,False,PEN,True,False,True
760,0,PEN,PEN,True,True,PEN,True,False,PEN,True,False,True
761,0,PEN,PEN,True,True,PEN,True,False,PEN,True,False,True
762,0,PEN,PEN,True,True,PEN,True,False,PEN,True,False,True
763,0,PEN,PEN,True,True,PEN,True,False,PEN,True,False,True
764,0,PEN,PEN,True,True,PEN,True,False,PEN,True,False,True
765,0,PEN,PEN,True,True,PEN,True,False,PEN,True,False,True
766,0,PEN,PEN,True,True,PEN,True,False,PEN,True,False,True
767,0,PEN,PEN,True,True,PEN,True,False,PEN,True,False,True
768,0,PEN,PEN,True,True,PEN,True,False,PEN,True,False,True
769,0,PEN,PEN,True,True,PEN,True,False,PEN,True,False,True
770,0,PEN,PEN,True,True,PEN,True,False,PEN,True,False,True
771,0,PEN,PEN,True,True,PEN,True,False,PEN,True,False,True
772,0,PEN,PEN,True,True,PEN,True,False,PEN,True,False,True
773,0,PEN,PEN,True,True,PEN,True,False,PEN,True,False,True
774,0,PEN,PEN,True,True,PEN,True,False,PEN,True,False,True
775,0,PEN,PEN,True,True,PEN,True,False,PEN,True,False,True
776,0,PEN,PEN,True,True,PEN,True,False,PEN,True,False,True
777,0,PEN,PEN,True,True,PEN,True,False,PEN,True,False,True
778,0,PEN,PEN,True,True,PEN,True,False,PEN,True,False,True
779,0,PEN,PEN,True,True,PEN,True,False,PEN,True,False,True
780,0,PEN,PEN,True,True,PEN,True,True,PEN,True,False,True
781,0,PEN,PEN,True,True,PEN,True,False,PEN,True,False,True
782,0,PEN,PEN,True,True,PEN,True,False,PEN,True,False,True
783,0,PEN,PEN,True,True,PEN,True,False,PEN,True,False,True
784,0,PEN,PEN,True,True,PEN,True,False,PEN,True,False,True
785,0,PEN,PEN,True,True,PEN,True,False,PEN,True,False,True
786,0,PEN,PEN,True,True,PEN,True,False,PEN,True,False,True
787,0,PEN,PEN,True,True,PEN,True,False,PEN,True,False,True
788,0,PEN,PEN,True,True,PEN,True,False,PEN,True,False,True
789,0,PEN,PEN,True,True,PEN,True,False,PEN,True,False,True
790,0,PEN,PEN,True,True,PEN,True,False,PEN,True,False,True
791,0,PEN,PEN,True,True,PEN,True,False,PEN,True,False,True
792,0,PEN,PEN,True,True,PEN,True,False,PEN,True,False,True
793,0,PEN,PEN,True,True,PEN,True,False,PEN,True,False,True
794,0,PEN,PEN,True,True,PEN,True,False,PEN,True,False,True
795,0,PEN,PEN,True,True,PEN,True,False,PEN,True,False,True
796,0,PEN,PEN,True,True,PEN,True,False,PEN,True,False,True
797,0,PEN,PEN,True,True,PEN,True,False,PEN,True,False,True
798,0,PEN,PEN,True,True,PEN,True,False,PEN,True,False,True
799,0,PEN,PEN,True,True,PEN,True,False,PEN,True,False,True
800,0,PEN,PEN,True,True,PEN,True,False,PEN,True,False,True
801,0,PEN,PEN,True,True,PEN,True,False,PEN,True,False,True
802,0,PEN,PEN,True,True,PEN,True,False,PEN,True,False,True
803,0,PEN,PEN,True,True,PEN,True,False,PEN,True,False,True
804,0,PEN,PEN,True,True,PEN,True,False,PEN,True,False,True
805,0,PEN,PEN,True,True,PEN,True,False,PEN,True,False,True
806,0,PEN,PEN,True,True,PEN,True,False,PEN,True,False,True
807,0,PEN,PEN,True,True,PEN,True,False,PEN,True,False,True
808,0,PEN,PEN,True,True,PEN,True,False,PEN,True,False,True
809,0,PEN,PEN,True,True,PEN,True,False,PEN,True,False,True
810,0,PEN,PEN,True,True,PEN,True,True,PEN,True,False,True
811,0,PEN,PEN,True,True,PEN,True,False,PEN,True,False,True
812,0,PEN,PEN,True,True,PEN,True,False,PEN,True,False,True
813,0,PEN,PEN,True,True,PEN,True,False,PEN,True,False,True
814,0,PEN,PEN,True,True,PEN,True,False,PEN,True,False,True
815,0,PEN,PEN,True,True,PEN,True,False,PEN,True,False,True
816,0,PEN,PEN,True,True,PEN,True,False,PEN,True,False,True
817,0,PEN,PEN,True,True,PEN,True,False,PEN,True,False,True
818,0,PEN,PEN,True,True,PEN,True,False,PEN,True,False,True
819,0,PEN,PEN,True,True,PEN,True,False,PEN,True,False,True
820,0,PEN,PEN,True,True,PEN,True,False,PEN,True,False,True
821,0,PEN,PEN,True,True,PEN,True,False,PEN,True,False,True
822,0,PEN,PEN,True,True,PEN,True,False,PEN,True,False,True
823,0,PEN,PEN,True,True,PEN,True,False,PEN,True,False,True
824,0,PEN,PEN,True,True,PEN,True,False,PEN,True,False,True
825,0,PEN,PEN,True,True,PEN,True,False,PEN,True,False,True
826,0,PEN,PEN,True,True,PEN,True,False,PEN,True,False,True
827,0,PEN,PEN,True,True,PEN,True,False,PEN,True,False,True
828,0,PEN,PEN,True,True,PEN,True,False,PEN,True,False,True
829,0,PEN,PEN,True,True,PEN,True,False,PEN,True,False,True
830,0,PEN,PEN,True,True,PEN,True,False,PEN,True,False,True
831,0,PEN,PEN,True,True,PEN,True,False,PEN,True,False,True
832,0,PEN,PEN,True,True,PEN,True,False,PEN,True,False,True
833,0,PEN,PEN,True,True,PEN,True,False,PEN,True,False,True
834,0,PEN,PEN,True,True,PEN,True,False,PEN,True,False,True
835,0,PEN,PEN,True,True,PEN,True,False,PEN,True,False,True
836,0,PEN,PEN,True,True,PEN,True,False,PEN,True,False,True
837,0,PEN,PEN,True,True,PEN,True,False,PEN,True,False,True
838,0,PEN,PEN,True,True,PEN,True,False,PEN,True,False,True
839,0,PEN,PEN,True,True,PEN,True,False,PEN,True,False,True
840,0,PEN,PEN,True,True,PEN,True,True,PEN,True,False,True
841,0,PEN,PEN,True,True,PEN,True,False,PEN,True,False,True
842,0,PEN,PEN,True,True,PEN,True,False,PEN,True,False,True
843,0,PEN,PEN,True,True,PEN,True,False,PEN,True,False,True
844,0,PEN,PEN,True,True,PEN,True,False,PEN,True,False,True
845,0,PEN,PEN,True,True,PEN,True,False,PEN,True,False,True
846,0,PEN,PEN,True,True,PEN,True,False,PEN,True,False,True
847,0,PEN,PEN,True,True,PEN,True,False,PEN,True,False,True
848,0,PEN,PEN,True,True,PEN,True,False,PEN,True,False,True
849,0,PEN,PEN,True,True,PEN,True,False,PEN,True,False,True
850,0,PEN,PEN,True,True,PEN,True,False,PEN,True,False,True
851,0,PEN,PEN,True,True,PEN,True,False,PEN,True,False,True
852,0,PEN,PEN,True,True,PEN,True,False,PEN,True,False,True
853,0,PEN,PEN,True,True,PEN,True,False,PEN,True,False,True
854,0,PEN,PEN,True,True,PEN,True,False,PEN,True,False,True
855,0,PEN,PEN,True,True,PEN,True,False,PEN,True,False,True
856,0,PEN,PEN,True,True,PEN,True,False,PEN,True,False,True
857,0,PEN,PEN,True,True,PEN,True,False,PEN,True,False,True
858,0,PEN,PEN,True,True,PEN,True,False,PEN,True,False,True
859,0,PEN,PEN,True,True,PEN,True,False,PEN,True,False,True
860,0,PEN,PEN,True,True,PEN,True,False,PEN,True,False,True
861,0,PEN,PEN,True,True,PEN,True,False,PEN,True,False,True
862,0,PEN,PEN,True,True,PEN,True,False,PEN,True,False,True
863,0,PEN,PEN,True,True,PEN,True,False,PEN,True,False,True
864,0,PEN,PEN,True,True,PEN,True,False,PEN,True,False,True
865,0,PEN,PEN,True,True,PEN,True,False,PEN,True,False,True
866,0,PEN,PEN,True,True,PEN,True,False,PEN,True,False,True
867,0,PEN,PEN,True,True,PEN,True,False,PEN,True,False,True
868,0,PEN,PEN,True,True,PEN,True,False,PEN,True,False,True
869,0,PEN,PEN,True,True,PEN,True,False,PEN,True,False,True
870,0,PEN,PEN,True,True,PEN,True,True,PEN,True,False,True
871,0,PEN,PEN,True,True,PEN,True,False,PEN,True,False,True
872,0,PEN,PEN,True,True,PEN,True,False,PEN,True,False,True
873,0,PEN,PEN,True,True,PEN,True,False,PEN,True,False,True
874,0,PEN,PEN,True,True,PEN,True,False,PEN,True,False,True
875,0,PEN,PEN,True,True,PEN,True,False,PEN,True,False,True
876,0,PEN,PEN,True,True,PEN,True,False,PEN,True,False,True
877,0,PEN,PEN,True,True,PEN,True,False,PEN,True,False,True
878,0,PEN,PEN,True,True,PEN,True,False,PEN,True,False,True
879,0,PEN,PEN,True,True,PEN,True,False,PEN,True,False,True
880,0,PEN,PEN,True,True,PEN,True,False,PEN,True,False,True
881,0,PEN,PEN,True,True,PEN,True,False,PEN,True,False,True
882,0,PEN,PEN,True,True,PEN,True,False,PEN,True,False,True
883,0,PEN,PEN,True,True,PEN,True,False,PEN,True,False,True
884,0,PEN,PEN,True,True,PEN,True,False,PEN,True,False,True
885,0,PEN,PEN,True,True,PEN,True,False,PEN,True,False,True
886,0,PEN,PEN,True,True,PEN,True,False,PEN,True,False,True
887,0,PEN,PEN,True,True,PEN,True,False,PEN,True,False,True
888,0,PEN,PEN,True,True,PEN,True,False,PEN,True,False,True
889,0,PEN,PEN,True,True,PEN,True,False,PEN,True,False,True
890,0,PEN,PEN,True,True,PEN,True,False,PEN,True,False,True
891,0,PEN,PEN,True,True,PEN,True,False,PEN,True,False,True
892,0,PEN,PEN,True,True,PEN,True,False,PEN,True,False,True
893,0,PEN,PEN,True,True,PEN,True,False,PEN,True,False,True
894,0,PEN,PEN,True,True,PEN,True,False,PEN,True,False,True
895,0,PEN,PEN,True,True,PEN,True,False,PEN,True,False,True
896,0,PEN,PEN,True,True,PEN,True,False,PEN,True,False,True
897,0,PEN,PEN,True,True,PEN,True,False,PEN,True,False,True
898,0,PEN,PEN,True,True,PEN,True,False,PEN,True,False,True
899,0,PEN,PEN,True,True,PEN,True,False,PEN,True,False,True
900,0,PEN,PEN,True,True,PEN,True,True,PEN,True,False,True
901,0,PEN,PEN,True,True,PEN,True,False,PEN,True,False,True
902,0,PEN,PEN,True,True,PEN,True,False,PEN,True,False,True
903,0,PEN,PEN,True,True,PEN,True,False,PEN,True,False,True
904,0,PEN,PEN,True,True,PEN,True,False,PEN,True,False,True
905,0,PEN,PEN,True,True,PEN,True,False,PEN,True,False,True
906,0,PEN,PEN,True,True,PEN,True,False,PEN,True,False,True
907,0,PEN,PEN,True,True,PEN,True,False,PEN,True,False,True
908,0,PEN,PEN,True,True,PEN,True,False,PEN,True,False,True
909,0,PEN,PEN,True,True,PEN,True,False,PEN,True,False,True
910,0,PEN,PEN,True,True,PEN,True,False,PEN,True,False,True
911,0,PEN,PEN,True,True,PEN,True,False,PEN,True,False,True
912,0,PEN,PEN,True,True,PEN,True,False,PEN,True,False,True
913,0,PEN,PEN,True,True,PEN,True,False,PEN,True,False,True
914,0,PEN,PEN,True,True,PEN,True,False,PEN,True,False,True
915,0,PEN,PEN,True,True,PEN,True,False,PEN,True,False,True
916,0,PEN,PEN,True,True,PEN,True,False,PEN,True,False,True
917,0,PEN,PEN,True,True,PEN,True,False,PEN,True,False,True
918,0,PEN,PEN,True,True,PEN,True,False,PEN,True,False,True
919,0,PEN,PEN,True,True,PEN,True,False,PEN,True,False,True
920,0,PEN,PEN,True,True,PEN,True,False,PEN,True,False,True
921,0,PEN,PEN,True,True,PEN,True,False,PEN,True,False,True
922,0,PEN,PEN,True,True,PEN,True,False,PEN,True,False,True
923,0,PEN,PEN,True,True,PEN,True,False,PEN,True,False,True
924,0,PEN,PEN,True,True,PEN,True,False,PEN,True,False,True
925,0,PEN,PEN,True,True,PEN,True,False,PEN,True,False,True
926,0,PEN,PEN,True,True,PEN,True,False,PEN,True,False,True
927,0,PEN,PEN,True,True,PEN,True,False,PEN,True,False,True
928,0,PEN,PEN,True,True,PEN,True,False,PEN,True,False,True
929,0,PEN,PEN,True,True,PEN,True,False,PEN,True,False,True
930,0,PEN,PEN,True,True,PEN,True,True,PEN,True,False,True
931,0,PEN,PEN,True,True,PEN,True,False,PEN,True,False,True
932,0,PEN,PEN,True,True,PEN,True,False,PEN,True,False,True
933,0,PEN,PEN,True,True,PEN,True,False,PEN,True,False,True
934,0,PEN,PEN,True,True,PEN,True,False,PEN,True,False,True
935,0,PEN,PEN,True,True,PEN,True,False,PEN,True,False,True
936,0,PEN,PEN,True,True,PEN,True,False,PEN,True,False,True
937,0,PEN,PEN,True,True,PEN,True,False,PEN,True,False,True
938,0,PEN,PEN,True,True,PEN,True,False,PEN,True,False,True
939,0,PEN,PEN,True,True,PEN,True,False,PEN,True,False,True
940,0,PEN,PEN,True,True,PEN,True,False,PEN,True,False,True
941,0,PEN,PEN,True,True,PEN,True,False,PEN,True,False,True
942,0,PEN,PEN,True,True,PEN,True,False,PEN,True,False,True
943,0,PEN,PEN,True,True,PEN,True,False,PEN,True,False,True
944,0,PEN,PEN,True,True,PEN,True,False,PEN,True,False,True
945,0,PEN,PEN,True,True,PEN,True,False,PEN,True,False,True
946,0,PEN,PEN,True,True,PEN,True,False,PEN,True,False,True
947,0,PEN,PEN,True,True,PEN,True,False,PEN,True,False,True
948,0,PEN,PEN,True,True,PEN,True,False,PEN,True,False,True
949,0,PEN,PEN,True,True,PEN,True,False,PEN,True,False,True
950,0,PEN,PEN,True,True,PEN,True,False,PEN,True,False,True
951,0,PEN,PEN,True,True,PEN,True,False,PEN,True,False,True
952,0,PEN,PEN,True,True,PEN,True,False,PEN,True,False,True
953,0,PEN,PEN,True,True,PEN,True,False,PEN,True,False,True
954,0,PEN,PEN,True,True,PEN,True,False,PEN,True,False,True
955,0,PEN,PEN,True,True,PEN,True,False,PEN,True,False,True
956,0,PEN,PEN,True,True,PEN,True,False,PEN,True,False,True
957,0,PEN,PEN,True,True,PEN,True,False,PEN,True,False,True
958,0,PEN,PEN,True,True,PEN,True,False,PEN,True,False,True
959,0,PEN,PEN,True,True,PEN,True,False,PEN,True,False,True
960,0,PEN,PEN,True,True,PEN,True,True,PEN,True,False,True
961,0,PEN,PEN,True,True,PEN,True,False,PEN,True,False,True
962,0,PEN,PEN,True,True,PEN,True,False,PEN,True,False,True
963,0,PEN,PEN,True,True,PEN,True,False,PEN,True,False,True
964,0,PEN,PEN,True,True,PEN,True,False,PEN,True,False,True
965,0,PEN,PEN,True,True,PEN,True,False,PEN,True,False,True
966,0,PEN,PEN,True,True,PEN,True,False,PEN,True,False,True
967,0,PEN,PEN,True,True,PEN,True,False,PEN,True,False,True
968,0,PEN,PEN,True,True,PEN,True,False,PEN,True,False,True
969,0,PEN,PEN,True,True,PEN,True,False,PEN,True,False,True
970,0,PEN,PEN,True,True,PEN,True,False,PEN,True,False,True
971,0,PEN,PEN,True,True,PEN,True,False,PEN,True,False,True
972,0,PEN,PEN,True,True,PEN,True,False,PEN,True,False,True
973,0,PEN,PEN,True,True,PEN,True,False,PEN,True,False,True
974,0,PEN,PEN,True,True,PEN,True,False,PEN,True,False,True
975,0,PEN,PEN,True,True,PEN,True,False,PEN,True,False,True
976,0,PEN,PEN,True,True,PEN,True,False,PEN,True,False,True
977,0,PEN,PEN,True,True,PEN,True,False,PEN,True,False,True
978,0,PEN,PEN,True,True,PEN,True,False,PEN,True,False,True
979,0,PEN,PEN,True,True,PEN,True,False,PEN,True,False,True
980,0,PEN,PEN,True,True,PEN,True,False,PEN,True,False,True
981,0,PEN,PEN,True,True,PEN,True,False,PEN,True,False,True
982,0,PEN,PEN,True,True,PEN,True,False,PEN,True,False,True
983,0,PEN,PEN,True,True,PEN,True,False,PEN,True,False,True
984,0,PEN,PEN,True,True,PEN,True,False,PEN,True,False,True
985,0,PEN,PEN,True,True,PEN,True,False,PEN,True,False,True
986,0,PEN,PEN,True,True,PEN,True,False,PEN,True,False,True
987,0,PEN,PEN,True,True,PEN,True,False,PEN,True,False,True
988,0,PEN,PEN,True,True,PEN,True,False,PEN,True,False,True
989,0,PEN,PEN,True,True,PEN,True,False,PEN,True,False,True
990,0,PEN,PEN,True,True,PEN,True,True,PEN,True,False,True
991,0,PEN,PEN,True,True,PEN,True,False,PEN,True,False,True
992,0,PEN,PEN,True,True,PEN,True,False,PEN,True,False,True
993,0,PEN,PEN,True,True,PEN,True,False,PEN,True,False,True
994,0,PEN,PEN,True,True,PEN,True,False,PEN,True,False,True
995,0,PEN,PEN,True,True,PEN,True,False,PEN,True,False,True
996,0,PEN,PEN,True,True,PEN,True,False,PEN,True,False,True
997,0,PEN,PEN,True,True,PEN,True,False,PEN,True,False,True
998,0,PEN,PEN,True,True,PEN,True,False,PEN,True,False,True
999,0,PEN,PEN,True,True,PEN,True,False,PEN,True,False,True
1000,0,PEN,PEN,True,True,PEN,True,False,PEN,True,False,True
1001,0,PEN,PEN,True,True,PEN,True,False,PEN,True,False,True
1002,0,PEN,PEN,True,True,PEN,True,False,PEN,True,False,True
1003,0,PEN,PEN,True,True,PEN,True,False,PEN,True,False,True
1004,0,PEN,PEN,True,True,PEN,True,False,PEN,True,False,True
1005,0,PEN,PEN,True,True,PEN,True,False,PEN,True,False,True
1006,0,PEN,PEN,True,True,PEN,True,False,PEN,True,False,True
1007,0,PEN,PEN,True,True,PEN,True,False,PEN,True,False,True
1008,0,PEN,PEN,True,True,PEN,True,False,PEN,True,False,True
1009,0,PEN,PEN,True,True,PEN,True,False,PEN,True,False,True
1010,0,PEN,PEN,True,True,PEN,True,False,PEN,True,False,True
1011,0,PEN,PEN,True,True,PEN,True,False,PEN,True,False,True
1012,0,PEN,PEN,True,True,PEN,True,False,PEN,True,False,True
1013,0,PEN,PEN,True,True,PEN,True,False,PEN,True,False,True
1014,0,PEN,PEN,True,True,PEN,True,False,PEN,True,False,True
1015,0,PEN,PEN,True,True,PEN,True,False,PEN,True,False,True
1016,0,PEN,PEN,True,True,PEN,True,False,PEN,True,False,True
1017,0,PEN,PEN,True,True,PEN,True,False,PEN,True,False,True
1018,0,PEN,PEN,True,True,PEN,True,False,PEN,True,False,True
1019,0,PEN,PEN,True,True,PEN,True,False,PEN,True,False,True
1020,0,PEN,PEN,True,True,PEN,True,True,PEN,True,False,True
1021,0,PEN,PEN,True,True,PEN,True,False,PEN,True,False,True
1022,0,PEN,PEN,True,True,PEN,True,False,PEN,True,False,True
1023,0,PEN,PEN,True,True,PEN,True,False,PEN,True,False,True
1024,0,PEN,PEN,True,True,PEN,True,False,PEN,True,False,True
1025,0,PEN,PEN,True,True,PEN,True,False,PEN,True,False,True
1026,0,PEN,PEN,True,True,PEN,True,False,PEN,True,False,True
1027,0,PEN,PEN,True,True,PEN,True,False,PEN,True,False,True
1028,0,PEN,PEN,True,True,PEN,True,False,PEN,True,False,True
1029,0,PEN,PEN,True,True,PEN,True,False,PEN,True,False,True
1030,0,PEN,PEN,True,True,PEN,True,False,PEN,True,False,True
1031,0,PEN,PEN,True,True,PEN,True,False,PEN,True,False,True
1032,0,PEN,PEN,True,True,PEN,True,False,PEN,True,False,True
1033,0,PEN,PEN,True,True,PEN,True,False,PEN,True,False,True
1034,0,PEN,PEN,True,True,PEN,True,False,PEN,True,False,True
1035,0,PEN,PEN,True,True,PEN,True,False,PEN,True,False,True
1036,0,PEN,PEN,True,True,PEN,True,False,PEN,True,False,True
1037,0,PEN,PEN,True,True,PEN,True,False,PEN,True,False,True
1038,0,PEN,PEN,True,True,PEN,True,False,PEN,True,False,True
1039,0,PEN,PEN,True,True,PEN,True,False,PEN,True,False,True
1040,0,PEN,PEN,True,True,PEN,True,False,PEN,True,False,True
1041,0,PEN,PEN,True,True,PEN,True,False,PEN,True,False,True
1042,0,PEN,PEN,True,True,PEN,True,False,PEN,True,False,True
1043,0,PEN,PEN,True,True,PEN,True,False,PEN,True,False,True
1044,0,PEN,PEN,True,True,PEN,True,False,PEN,True,False,True
1045,0,PEN,PEN,True,True,PEN,True,False,PEN,True,False,True
1046,0,PEN,PEN,True,True,PEN,True,False,PEN,True,False,True
1047,0,PEN,PEN,True,True,PEN,True,False,PEN,True,False,True
1048,0,PEN,PEN,True,True,PEN,True,False,PEN,True,False,True
1049,0,PEN,PEN,True,True,PEN,True,False,PEN,True,False,True
1050,0,PEN,PEN,True,True,PEN,True,True,PEN,True,False,True
1051,0,PEN,PEN,True,True,PEN,True,False,PEN,True,False,True
1052,0,PEN,PEN,True,True,PEN,True,False,PEN,True,False,True
1053,0,PEN,PEN,True,True,PEN,True,False,PEN,True,False,True
1054,0,PEN,PEN,True,True,PEN,True,False,PEN,True,False,True
1055,0,PEN,PEN,True,True,PEN,True,False,PEN,True,False,True
1056,0,PEN,PEN,True,True,PEN,True,False,PEN,True,False,True
1057,0,PEN,PEN,True,True,PEN,True,False,PEN,True,False,True
1058,0,PEN,PEN,True,True,PEN,True,False,PEN,True,False,True
1059,0,PEN,PEN,True,True,PEN,True,False,PEN,True,False,True
1060,0,PEN,PEN,True,True,PEN,True,False,PEN,True,False,True
1061,0,PEN,PEN,True,True,PEN,True,False,PEN,True,False,True
1062,0,PEN,PEN,True,True,PEN,True,False,PEN,True,False,True
1063,0,PEN,PEN,True,True,PEN,True,False,PEN,True,False,True
1064,0,PEN,PEN,True,True,PEN,True,False,PEN,True,False,True
1065,0,PEN,PEN,True,True,PEN,True,False,PEN,True,False,True
1066,0,PEN,PEN,True,True,PEN,True,False,PEN,True,False,True
1067,0,PEN,PEN,True,True,PEN,True,False,PEN,True,False,True
1068,0,PEN,PEN,True,True,PEN,True,False,PEN,True,False,True
1069,0,PEN,PEN,True,True,PEN,True,False,PEN,True,False,True
1070,0,PEN,PEN,True,True,PEN,True,False,PEN,True,False,True
1071,0,PEN,PEN,True,True,PEN,True,False,PEN,True,False,True
1072,0,PEN,PEN,True,True,PEN,True,False,PEN,True,False,True
1073,0,PEN,PEN,True,True,PEN,True,False,PEN,True,False,True
1074,0,PEN,PEN,True,True,PEN,True,False,PEN,True,False,True
1075,0,PEN,PEN,True,True,PEN,True,False,PEN,True,False,True
1076,0,PEN,PEN,True,True,PEN,True,False,PEN,True,False,True
1077,0,PEN,PEN,True,True,PEN,True,False,PEN,True,False,True
1078,0,PEN,PEN,True,True,PEN,True,False,PEN,True,False,True
1079,0,PEN,PEN,True,True,PEN,True,False,PEN,True,False,True
1080,0,PEN,PEN,True,True,PEN,True,True,PEN,True,False,True
1081,0,PEN,PEN,True,True,PEN,True,False,PEN,True,False,True
1082,0,PEN,PEN,True,True,PEN,True,False,PEN,True,False,True
1083,0,PEN,PEN,True,True,PEN,True,False,PEN,True,False,True
1084,0,PEN,PEN,True,True,PEN,True,False,PEN,True,False,True
1085,0,PEN,PEN,True,True,PEN,True,False,PEN,True,False,True
1086,0,PEN,PEN,True,True,PEN,True,False,PEN,True,False,True
1087,0,PEN,PEN,True,True,PEN,True,False,PEN,True,False,True
1088,0,PEN,PEN,True,True,PEN,True,False,PEN,True,False,True
1089,0,PEN,PEN,True,True,PEN,True,False,PEN,True,False,True
1090,0,PEN,PEN,True,True,PEN,True,False,PEN,True,False,True
1091,0,PEN,PEN,True,True,PEN,True,False,PEN,True,False,True
1092,0,PEN,PEN,True,True,PEN,True,False,PEN,True,False,True
1093,0,PEN,PEN,True,True,PEN,True,False,PEN,True,False,True
1094,0,PEN,PEN,True,True,PEN,True,False,PEN,True,False,True
1095,0,PEN,PEN,True,True,PEN,True,False,PEN,True,False,True
1096,0,PEN,PEN,True,True,PEN,True,False,PEN,True,False,True
1097,0,PEN,PEN,True,True,PEN,True,False,PEN,True,False,True
1098,0,PEN,PEN,True,True,PEN,True,False,PEN,True,False,True
1099,0,PEN,PEN,True,True,PEN,True,False,PEN,True,False,True
1100,0,PEN,PEN,True,True,PEN,True,False,PEN,True,False,True
1101,0,PEN,PEN,True,True,PEN,True,False,PEN,True,False,True
1102,0,PEN,PEN,True,True,PEN,True,False,PEN,True,False,True
1103,0,PEN,PEN,True,True,PEN,True,False,PEN,True,False,True
1104,0,PEN,PEN,True,True,PEN,True,False,PEN,True,False,True
1105,0,PEN,PEN,True,True,PEN,True,False,PEN,True,False,True
1106,0,PEN,PEN,True,True,PEN,True,False,PEN,True,False,True
1107,0,PEN,PEN,True,True,PEN,True,False,PEN,True,False,True
1108,0,PEN,PEN,True,True,PEN,True,False,PEN,True,False,True
1109,0,PEN,PEN,True,True,PEN,True,False,PEN,True,False,True
1110,0,PEN,PEN,True,True,PEN,True,True,PEN,True,False,True
1111,0,PEN,PEN,True,True,PEN,True,False,PEN,True,False,True
1112,0,PEN,PEN,True,True,PEN,True,False,PEN,True,False,True
1113,0,PEN,PEN,True,True,PEN,True,False,PEN,True,False,True
1114,0,PEN,PEN,True,True,PEN,True,False,PEN,True,False,True
1115,0,PEN,PEN,True,True,PEN,True,False,PEN,True,False,True
1116,0,PEN,PEN,True,True,PEN,True,False,PEN,True,False,True
1117,0,PEN,PEN,True,True,PEN,True,False,PEN,True,False,True
1118,0,PEN,PEN,True,True,PEN,True,False,PEN,True,False,True
1119,0,PEN,PEN,True,True,PEN,True,False,PEN,True,False,True
1120,0,PEN,PEN,True,True,PEN,True,False,PEN,True,False,True
1121,0,PEN,PEN,True,True,PEN,True,False,PEN,True,False,True
1122,0,PEN,PEN,True,True,PEN,True,False,PEN,True,False,True
1123,0,PEN,PEN,True,True,PEN,True,False,PEN,True,False,True
1124,0,PEN,PEN,True,True,PEN,True,False,PEN,True,False,True
1125,0,PEN,PEN,True,True,PEN,True,False,PEN,True,False,True
1126,0,PEN,PEN,True,True,PEN,True,False,PEN,True,False,True
1127,0,PEN,PEN,True,True,PEN,True,False,PEN,True,False,True
1128,0,PEN,PEN,True,True,PEN,True,False,PEN,True,False,True
1129,0,PEN,PEN,True,True,PEN,True,False,PEN,True,False,True
1130,0,PEN,PEN,True,True,PEN,True,False,PEN,True,False,True
1131,0,PEN,PEN,True,True,PEN,True,False,PEN,True,False,True
1132,0,PEN,PEN,True,True,PEN,True,False,PEN,True,False,True
1133,0,PEN,PEN,True,True,PEN,True,False,PEN,True,False,True
1134,0,PEN,PEN,True,True,PEN,True,False,PEN,True,False,True
1135,0,PEN,PEN,True,True,PEN,True,False,PEN,True,False,True
1136,0,PEN,PEN,True,True,PEN,True,False,PEN,True,False,True
1137,0,PEN,PEN,True,True,PEN,True,False,PEN,True,False,True
1138,0,PEN,PEN,True,True,PEN,True,False,PEN,True,False,True
1139,0,PEN,PEN,True,True,PEN,True,False,PEN,True,False,True
1140,0,PEN,PEN,True,True,PEN,True,True,PEN,True,False,True
1141,0,PEN,PEN,True,True,PEN,True,False,PEN,True,False,True
1142,0,PEN,PEN,True,True,PEN,True,False,PEN,True,False,True
1143,0,PEN,PEN,True,True,PEN,True,False,PEN,True,False,True
1144,0,PEN,PEN,True,True,PEN,True,False,PEN,True,False,True
1145,0,PEN,PEN,True,True,PEN,True,False,PEN,True,False,True
1146,0,PEN,PEN,True,True,PEN,True,False,PEN,True,False,True
1147,0,PEN,PEN,True,True,PEN,True,False,PEN,True,False,True
1148,0,PEN,PEN,True,True,PEN,True,False,PEN,True,False,True
1149,0,PEN,PEN,True,True,PEN,True,False,PEN,True,False,True
1150,0,PEN,PEN,True,True,PEN,True,False,PEN,True,False,True
1151,0,PEN,PEN,True,True,PEN,True,False,PEN,True,False,True
1152,0,PEN,PEN,True,True,PEN,True,False,PEN,True,False,True
1153,0,PEN,PEN,True,True,PEN,True,False,PEN,True,False,True
1154,0,PEN,PEN,True,True,PEN,True,False,PEN,True,False,True
1155,0,PEN,PEN,True,True,PEN,True,False,PEN,True,False,True
1156,0,PEN,PEN,True,True,PEN,True,False,PEN,True,False,True
1157,0,PEN,PEN,True,True,PEN,True,False,PEN,True,False,True
1158,0,PEN,PEN,True,True,PEN,True,False,PEN,True,False,True
1159,0,PEN,PEN,True,True,PEN,True,False,PEN,True,False,True
1160,0,PEN,PEN,True,True,PEN,True,False,PEN,True,False,True
1161,0,PEN,PEN,True,True,PEN,True,False,PEN,True,False,True
1162,0,PEN,PEN,True,True,PEN,True,False,PEN,True,False,True
1163,0,PEN,PEN,True,True,PEN,True,False,PEN,True,False,True
1164,0,PEN,PEN,True,True,PEN,True,False,PEN,True,False,True
1165,0,PEN,PEN,True,True,PEN,True,False,PEN,True,False,True
1166,0,PEN,PEN,True,True,PEN,True,False,PEN,True,False,True
1167,0,PEN,PEN,True,True,PEN,True,False,PEN,True,False,True
1168,0,PEN,PEN,True,True,PEN,True,False,PEN,True,False,True
1169,0,PEN,PEN,True,True,PEN,True,False,PEN,True,False,True
1170,0,PEN,PEN,True,True,PEN,True,True,PEN,True,False,True
1171,0,PEN,PEN,True,True,PEN,True,False,PEN,True,False,True
1172,0,PEN,PEN,True,True,PEN,True,False,PEN,True,False,True
1173,0,PEN,PEN,True,True,PEN,True,False,PEN,True,False,True
1174,0,PEN,PEN,True,True,PEN,True,False,PEN,True,False,True
1175,0,PEN,PEN,True,True,PEN,True,False,PEN,True,False,True
1176,0,PEN,PEN,True,True,PEN,True,False,PEN,True,False,True
1177,0,PEN,PEN,True,True,PEN,True,False,PEN,True,False,True
1178,0,PEN,PEN,True,True,PEN,True,False,PEN,True,False,True
1179,0,PEN,PEN,True,True,PEN,True,False,PEN,True,False,True
1180,0,PEN,PEN,True,True,PEN,True,False,PEN,True,False,True
1181,0,PEN,PEN,True,True,PEN,True,False,PEN,True,False,True
1182,0,PEN,PEN,True,True,PEN,True,False,PEN,True,False,True
1183,0,PEN,PEN,True,True,PEN,True,False,PEN,True,False,True
1184,0,PEN,PEN,True,True,PEN,True,False,PEN,True,False,True
1185,0,PEN,PEN,True,True,PEN,True,False,PEN,True,False,True
1186,0,PEN,PEN,True,True,PEN,True,False,PEN,True,False,True
1187,0,PEN,PEN,True,True,PEN,True,False,PEN,True,False,True
1188,0,PEN,PEN,True,True,PEN,True,False,PEN,True,False,True
1189,0,PEN,PEN,True,True,PEN,True,False,PEN,True,False,True
1190,0,PEN,PEN,True,True,PEN,True,False,PEN,True,False,True
1191,0,PEN,PEN,True,True,PEN,True,False,PEN,True,False,True
1192,0,PEN,PEN,True,True,PEN,True,False,PEN,True,False,True
1193,0,PEN,PEN,True,True,PEN,True,False,PEN,True,False,True
1194,0,PEN,PEN,True,True,PEN,True,False,PEN,True,False,True
1195,0,PEN,PEN,True,True,PEN,True,False,PEN,True,False,True
1196,0,PEN,PEN,True,True,PEN,True,False,PEN,True,False,True
1197,0,PEN,PEN,True,True,PEN,True,False,PEN,True,False,True
1198,0,PEN,PEN,True,True,PEN,True,False,PEN,True,False,True
1199,0,PEN,PEN,True,True,PEN,True,False,PEN,True,False,True
1200,0,PEN,PEN,True,True,PEN,True,True,PEN,True,False,True
1201,0,PEN,PEN,True,True,PEN,True,False,PEN,True,False,True
1202,0,PEN,PEN,True,True,PEN,True,False,PEN,True,False,True
1203,0,PEN,PEN,True,True,PEN,True,False,PEN,True,False,True
1204,0,PEN,PEN,True,True,PEN,True,False,PEN,True,False,True
1205,0,PEN,PEN,True,True,PEN,True,False,PEN,True,False,True
1206,0,PEN,PEN,True,True,PEN,True,False,PEN,True,False,True
1207,0,PEN,PEN,True,True,PEN,True,False,PEN,True,False,True
1208,0,PEN,PEN,True,True,PEN,True,False,PEN,True,False,True
1209,0,PEN,PEN,True,True,PEN,True,False,PEN,True,False,True
1210,0,PEN,PEN,True,True,PEN,True,False,PEN,True,False,True
1211,0,PEN,PEN,True,True,PEN,True,False,PEN,True,False,True
1212,0,PEN,PEN,True,True,PEN,True,False,PEN,True,False,True
1213,0,PEN,PEN,True,True,PEN,True,False,PEN,True,False,True
1214,0,PEN,PEN,True,True,PEN,True,False,PEN,True,False,True
1215,0,PEN,PEN,True,True,PEN,True,False,PEN,True,False,True
1216,0,PEN,PEN,True,True,PEN,True,False,PEN,True,False,True
1217,0,PEN,PEN,True,True,PEN,True,False,PEN,True,False,True
1218,0,PEN,PEN,True,True,PEN,True,False,PEN,True,False,True
1219,0,PEN,PEN,True,True,PEN,True,False,PEN,True,False,True
1220,0,PEN,PEN,True,True,PEN,True,False,PEN,True,False,True
1221,0,PEN,PEN,True,True,PEN,True,False,PEN,True,False,True
1222,0,PEN,PEN,True,True,PEN,True,False,PEN,True,False,True
1223,0,PEN,PEN,True,True,PEN,True,False,PEN,True,False,True
1224,0,PEN,PEN,True,True,PEN,True,False,PEN,True,False,True
1225,0,PEN,PEN,True,True,PEN,True,False,PEN,True,False,True
1226,0,PEN,PEN,True,True,PEN,True,False,PEN,True,False,True
1227,0,PEN,PEN,True,True,PEN,True,False,PEN,True,False,True
1228,0,PEN,PEN,True,True,PEN,True,False,PEN,True,False,True
1229,0,PEN,PEN,True,True,PEN,True,False,PEN,True,False,True
1230,0,PEN,PEN,True,True,PEN,True,True,PEN,True,False,True
1231,0,PEN,PEN,True,True,PEN,True,False,PEN,True,False,True
1232,0,PEN,PEN,True,True,PEN,True,False,PEN,True,False,True
1233,0,PEN,PEN,True,True,PEN,True,False,PEN,True,False,True
1234,0,PEN,PEN,True,True,PEN,True,False,PEN,True,False,True
1235,0,PEN,PEN,True,True,PEN,True,False,PEN,True,False,True
1236,0,PEN,PEN,True,True,PEN,True,False,PEN,True,False,True
1237,0,PEN,PEN,True,True,PEN,True,False,PEN,True,False,True
1238,0,PEN,PEN,True,True,PEN,True,False,PEN,True,False,True
1239,0,PEN,PEN,True,True,PEN,True,False,PEN,True,False,True
1240,0,PEN,PEN,True,True,PEN,True,False,PEN,True,False,True
1241,0,PEN,PEN,True,True,PEN,True,False,PEN,True,False,True
1242,0,PEN,PEN,True,True,PEN,True,False,PEN,True,False,True
1243,0,PEN,PEN,True,True,PEN,True,False,PEN,True,False,True
1244,0,PEN,PEN,True,True,PEN,True,False,PEN,True,False,True
1245,0,PEN,PEN,True,True,PEN,True,False,PEN,True,False,True
1246,0,PEN,PEN,True,True,PEN,True,False,PEN,True,False,True
1247,0,PEN,PEN,True,True,PEN,True,False,PEN,True,False,True
1248,0,PEN,PEN,True,True,PEN,True,False,PEN,True,False,True
1249,0,PEN,PEN,True,True,PEN,True,False,PEN,True,False,True
1250,0,PEN,PEN,True,True,PEN,True,False,PEN,True,False,True
1251,0,PEN,PEN,True,True,PEN,True,False,PEN,True,False,True
1252,0,PEN,PEN,True,True,PEN,True,False,PEN,True,False,True
1253,0,PEN,PEN,True,True,PEN,True,False,PEN,True,False,True
1254,0,PEN,PEN,True,True,PEN,True,False,PEN,True,False,True
1255,0,PEN,PEN,True,True,PEN,True,False,PEN,True,False,True
1256,0,PEN,PEN,True,True,PEN,True,False,PEN,True,False,True
1257,0,PEN,PEN,True,True,PEN,True,False,PEN,True,False,True
1258,0,PEN,PEN,True,True,PEN,True,False,PEN,True,False,True
1259,0,PEN,PEN,True,True,PEN,True,False,PEN,True,False,True
1260,0,PEN,PEN,True,True,PEN,True,True,PEN,True,False,True
1261,0,PEN,PEN,True,True,PEN,True,False,PEN,True,False,True
1262,0,PEN,PEN,True,True,PEN,True,False,PEN,True,False,True
1263,0,PEN,PEN,True,True,PEN,True,False,PEN,True,False,True
1264,0,PEN,PEN,True,True,PEN,True,False,PEN,True,False,True
1265,0,PEN,PEN,True,True,PEN,True,False,PEN,True,False,True
1266,0,PEN,PEN,True,True,PEN,True,False,PEN,True,False,True
1267,0,PEN,PEN,True,True,PEN,True,False,PEN,True,False,True
1268,0,PEN,PEN,True,True,PEN,True,False,PEN,True,False,True
1269,0,PEN,PEN,True,True,PEN,True,False,PEN,True,False,True
1270,0,PEN,PEN,True,True,PEN,True,False,PEN,True,False,True
1271,0,PEN,PEN,True,True,PEN,True,False,PEN,True,False,True
1272,0,PEN,PEN,True,True,PEN,True,False,PEN,True,False,True
1273,0,PEN,PEN,True,True,PEN,True,False,PEN,True,False,True
1274,0,PEN,PEN,True,True,PEN,True,False,PEN,True,False,True
1275,0,PEN,PEN,True,True,PEN,True,False,PEN,True,False,True
1276,0,PEN,PEN,True,True,PEN,True,False,PEN,True,False,True
1277,0,PEN,PEN,True,True,PEN,True,False,PEN,True,False,True
1278,0,PEN,PEN,True,True,PEN,True,False,PEN,True,False,True
1279,0,PEN,PEN,True,True,PEN,True,False,PEN,True,False,True
1280,0,PEN,PEN,True,True,PEN,True,False,PEN,True,False,True
1281,0,PEN,PEN,True,True,PEN,True,False,PEN,True,False,True
1282,0,PEN,PEN,True,True,PEN,True,False,PEN,True,False,True
1283,0,PEN,PEN,True,True,PEN,True,False,PEN,True,False,True
1284,0,PEN,PEN,True,True,PEN,True,False,PEN,True,False,True
1285,0,PEN,PEN,True,True,PEN,True,False,PEN,True,False,True
1286,0,PEN,PEN,True,True,PEN,True,False,PEN,True,False,True
1287,0,PEN,PEN,True,True,PEN,True,False,PEN,True,False,True
1288,0,PEN,PEN,True,True,PEN,True,False,PEN,True,False,True
1289,0,PEN,PEN,True,True,PEN,True,False,PEN,True,False,True
1290,0,PEN,PEN,True,True,PEN,True,True,PEN,True,False,True
1291,0,PEN,PEN,True,True,PEN,True,False,PEN,True,False,True
1292,0,PEN,PEN,True,True,PEN,True,False,PEN,True,False,True
1293,0,PEN,PEN,True,True,PEN,True,False,PEN,True,False,True
1294,0,PEN,PEN,True,True,PEN,True,False,PEN,True,False,True
1295,0,PEN,PEN,True,True,PEN,True,False,PEN,True,False,True
1296,0,PEN,PEN,True,True,PEN,True,False,PEN,True,False,True
1297,0,PEN,PEN,True,True,PEN,True,False,PEN,True,False,True
1298,0,PEN,PEN,True,True,PEN,True,False,PEN,True,False,True
1299,0,PEN,PEN,True,True,PEN,True,False,PEN,True,False,True
1300,0,PEN,PEN,True,True,PEN,True,False,PEN,True,False,True
1301,0,PEN,PEN,True,True,PEN,True,False,PEN,True,False,True
1302,0,PEN,PEN,True,True,PEN,True,False,PEN,True,False,True
1303,0,PEN,PEN,True,True,PEN,True,False,PEN,True,False,True
1304,0,PEN,PEN,True,True,PEN,True,False,PEN,True,False,True
1305,0,PEN,PEN,True,True,PEN,True,False,PEN,True,False,True
1306,0,PEN,PEN,True,True,PEN,True,False,PEN,True,False,True
1307,0,PEN,PEN,True,True,PEN,True,False,PEN,True,False,True
1308,0,PEN,PEN,True,True,PEN,True,False,PEN,True,False,True
1309,0,PEN,PEN,True,True,PEN,True,False,PEN,True,False,True
1310,0,PEN,PEN,True,True,PEN,True,False,PEN,True,False,True
1311,0,PEN,PEN,True,True,PEN,True,False,PEN,True,False,True
1312,0,PEN,PEN,True,True,PEN,True,False,PEN,True,False,True
1313,0,PEN,PEN,True,True,PEN,True,False,PEN,True,False,True
1314,0,PEN,PEN,True,True,PEN,True,False,PEN,True,False,True
1315,0,PEN,PEN,True,True,PEN,True,False,PEN,True,False,True
1316,0,PEN,PEN,True,True,PEN,True,False,PEN,True,False,True
1317,0,PEN,PEN,True,True,PEN,True,False,PEN,True,False,True
1318,0,PEN,PEN,True,True,PEN,True,False,PEN,True,False,True
1319,0,PEN,PEN,True,True,PEN,True,False,PEN,True,False,True
1320,0,PEN,PEN,True,True,PEN,True,True,PEN,True,False,True
1321,0,PEN,PEN,True,True,PEN,True,False,PEN,True,False,True
1322,0,PEN,PEN,True,True,PEN,True,False,PEN,True,False,True
1323,0,PEN,PEN,True,True,PEN,True,False,PEN,True,False,True
1324,0,PEN,PEN,True,True,PEN,True,False,PEN,True,False,True
1325,0,PEN,PEN,True,True,PEN,True,False,PEN,True,False,True
1326,0,PEN,PEN,True,True,PEN,True,False,PEN,True,False,True
1327,0,PEN,PEN,True,True,PEN,True,False,PEN,True,False,True
1328,0,PEN,PEN,True,True,PEN,True,False,PEN,True,False,True
1329,0,PEN,PEN,True,True,PEN,True,False,PEN,True,False,True
1330,0,PEN,PEN,True,True,PEN,True,False,PEN,True,False,True
1331,0,PEN,PEN,True,True,PEN,True,False,PEN,True,False,True
1332,0,PEN,PEN,True,True,PEN,True,False,PEN,True,False,True
1333,0,PEN,PEN,True,True,PEN,True,False,PEN,True,False,True
1334,0,PEN,PEN,True,True,PEN,True,False,PEN,True,False,True
1335,0,PEN,PEN,True,True,PEN,True,False,PEN,True,False,True
1336,0,PEN,PEN,True,True,PEN,True,False,PEN,True,False,True
1337,0,PEN,PEN,True,True,PEN,True,False,PEN,True,False,True
1338,0,PEN,PEN,True,True,PEN,True,False,PEN,True,False,True
1339,0,PEN,PEN,True,True,PEN,True,False,PEN,True,False,True
1340,0,PEN,PEN,True,True,PEN,True,False,PEN,True,False,True
1341,0,PEN,PEN,True,True,PEN,True,False,PEN,True,False,True
1342,0,PEN,PEN,True,True,PEN,True,False,PEN,True,False,True
1343,0,PEN,PEN,True,True,PEN,True,False,PEN,True,False,True
1344,0,PEN,PEN,True,True,PEN,True,False,PEN,True,False,True
1345,0,PEN,PEN,True,True,PEN,True,False,PEN,True,False,True
1346,0,PEN,PEN,True,True,PEN,True,False,PEN,True,False,True
1347,0,PEN,PEN,True,True,PEN,True,False,PEN,True,False,True
1348,0,PEN,PEN,True,True,PEN,True,False,PEN,True,False,True
1349,0,PEN,PEN,True,True,PEN,True,False,PEN,True,False,True
1350,0,PEN,PEN,True,True,PEN,True,True,PEN,True,False,True
1351,0,PEN,PEN,True,True,PEN,True,False,PEN,True,False,True
1352,0,PEN,PEN,True,True,PEN,True,False,PEN,True,False,True
1353,0,PEN,PEN,True,True,PEN,True,False,PEN,True,False,True
1354,0,PEN,PEN,True,True,PEN,True,False,PEN,True,False,True
1355,0,PEN,PEN,True,True,PEN,True,False,PEN,True,False,True
1356,0,PEN,PEN,True,True,PEN,True,False,PEN,True,False,True
1357,0,PEN,PEN,True,True,PEN,True,False,PEN,True,False,True
1358,0,PEN,PEN,True,True,PEN,True,False,PEN,True,False,True
1359,0,PEN,PEN,True,True,PEN,True,False,PEN,True,False,True
1360,0,PEN,PEN,True,True,PEN,True,False,PEN,True,False,True
1361,0,PEN,PEN,True,True,PEN,True,False,PEN,True,False,True
1362,0,PEN,PEN,True,True,PEN,True,False,PEN,True,False,True
1363,0,PEN,PEN,True,True,PEN,True,False,PEN,True,False,True
1364,0,PEN,PEN,True,True,PEN,True,False,PEN,True,False,True
1365,0,PEN,PEN,True,True,PEN,True,False,PEN,True,False,True
1366,0,PEN,PEN,True,True,PEN,True,False,PEN,True,False,True
1367,0,PEN,PEN,True,True,PEN,True,False,PEN,True,False,True
1368,0,PEN,PEN,True,True,PEN,True,False,PEN,True,False,True
1369,0,PEN,PEN,True,True,PEN,True,False,PEN,True,False,True
1370,0,PEN,PEN,True,True,PEN,True,False,PEN,True,False,True
1371,0,PEN,PEN,True,True,PEN,True,False,PEN,True,False,True
1372,0,PEN,PEN,True,True,PEN,True,False,PEN,True,False,True
1373,0,PEN,PEN,True,True,PEN,True,False,PEN,True,False,True
1374,0,PEN,PEN,True,True,PEN,True,False,PEN,True,False,True
1375,0,PEN,PEN,True,True,PEN,True,False,PEN,True,False,True
1376,0,PEN,PEN,True,True,PEN,True,False,PEN,True,False,True
1377,0,PEN,PEN,True,True,PEN,True,False,PEN,True,False,True
1378,0,PEN,PEN,True,True,PEN,True,False,PEN,True,False,True
1379,0,PEN,PEN,True,True,PEN,True,False,PEN,True,False,True
1380,0,PEN,PEN,True,True,PEN,True,True,PEN,True,False,True
1381,0,PEN,PEN,True,True,PEN,True,False,PEN,True,False,True
1382,0,PEN,PEN,True,True,PEN,True,False,PEN,True,False,True
1383,0,PEN,PEN,True,True,PEN,True,False,PEN,True,False,True
1384,0,PEN,PEN,True,True,PEN,True,False,PEN,True,False,True
1385,0,PEN,PEN,True,True,PEN,True,False,PEN,True,False,True
1386,0,PEN,PEN,True,True,PEN,True,False,PEN,True,False,True
1387,0,PEN,PEN,True,True,PEN,True,False,PEN,True,False,True
1388,0,PEN,PEN,True,True,PEN,True,False,PEN,True,False,True
1389,0,PEN,PEN,True,True,PEN,True,False,PEN,True,False,True
1390,0,PEN,PEN,True,True,PEN,True,False,PEN,True,False,True
1391,0,PEN,PEN,True,True,PEN,True,False,PEN,True,False,True
1392,0,PEN,PEN,True,True,PEN,True,False,PEN,True,False,True
1393,0,PEN,PEN,True,True,PEN,True,False,PEN,True,False,True
1394,0,PEN,PEN,True,True,PEN,True,False,PEN,True,False,True
1395,0,PEN,PEN,True,True,PEN,True,False,PEN,True,False,True
1396,0,PEN,PEN,True,True,PEN,True,False,PEN,True,False,True
1397,0,PEN,PEN,True,True,PEN,True,False,PEN,True,False,True
1398,0,PEN,PEN,True,True,PEN,True,False,PEN,True,False,True
1399,0,PEN,PEN,True,True,PEN,True,False,PEN,True,False,True
1400,0,PEN,PEN,True,True,PEN,True,False,PEN,True,False,True
1401,0,PEN,PEN,True,True,PEN,True,False,PEN,True,False,True
1402,0,PEN,PEN,True,True,PEN,True,False,PEN,True,False,True
1403,0,PEN,PEN,True,True,PEN,True,False,PEN,True,False,True
1404,0,PEN,PEN,True,True,PEN,True,False,PEN,True,False,True
1405,0,PEN,PEN,True,True,PEN,True,False,PEN,True,False,True
1406,0,PEN,PEN,True,True,PEN,True,False,PEN,True,False,True
1407,0,PEN,PEN,True,True,PEN,True,False,PEN,True,False,True
1408,0,PEN,PEN,True,True,PEN,True,False,PEN,True,False,True
1409,0,PEN,PEN,True,True,PEN,True,False,PEN,True,False,True
1410,0,PEN,PEN,True,True,PEN,True,True,PEN,True,False,True
1411,0,PEN,PEN,True,True,PEN,True,False,PEN,True,False,True
1412,0,PEN,PEN,True,True,PEN,True,False,PEN,True,False,True
1413,0,PEN,PEN,True,True,PEN,True,False,PEN,True,False,True
1414,0,PEN,PEN,True,True,PEN,True,False,PEN,True,False,True
1415,0,PEN,PEN,True,True,PEN,True,False,PEN,True,False,True
1416,0,PEN,PEN,True,True,PEN,True,False,PEN,True,False,True
1417,0,PEN,PEN,True,True,PEN,True,False,PEN,True,False,True
1418,0,PEN,PEN,True,True,PEN,True,False,PEN,True,False,True
1419,0,PEN,PEN,True,True,PEN,True,False,PEN,True,False,True
1420,0,PEN,PEN,True,True,PEN,True,False,PEN,True,False,True
1421,0,PEN,PEN,True,True,PEN,True,False,PEN,True,False,True
1422,0,PEN,PEN,True,True,PEN,True,False,PEN,True,False,True
1423,0,PEN,PEN,True,True,PEN,True,False,PEN,True,False,True
1424,0,PEN,PEN,True,True,PEN,True,False,PEN,True,False,True
1425,0,PEN,PEN,True,True,PEN,True,False,PEN,True,False,True
1426,0,PEN,PEN,True,True,PEN,True,False,PEN,True,False,True
1427,0,PEN,PEN,True,True,PEN,True,False,PEN,True,False,True
1428,0,PEN,PEN,True,True,PEN,True,False,PEN,True,False,True
1429,0,PEN,PEN,True,True,PEN,True,False,PEN,True,False,True
1430,0,PEN,PEN,True,True,PEN,True,False,PEN,True,False,True
1431,0,PEN,PEN,True,True,PEN,True,False,PEN,True,False,True
1432,0,PEN,PEN,True,True,PEN,True,False,PEN,True,False,True
1433,0,PEN,PEN,True,True,PEN,True,False,PEN,True,False,True
1434,0,PEN,PEN,True,True,PEN,True,False,PEN,True,False,True
1435,0,PEN,PEN,True,True,PEN,True,False,PEN,True,False,True
1436,0,PEN,PEN,True,True,PEN,True,False,PEN,True,False,True
1437,0,PEN,PEN,True,True,PEN,True,False,PEN,True,False,True
1438,0,PEN,PEN,True,True,PEN,True,False,PEN,True,False,True
1439,0,PEN,PEN,True,True,PEN,True,False,PEN,True,False,True
1440,0,PEN,PEN,True,True,PEN,True,True,PEN,True,False,True
1441,0,PEN,PEN,True,True,PEN,True,False,PEN,True,False,True
1442,0,PEN,PEN,True,True,PEN,True,False,PEN,True,False,True
1443,0,PEN,PEN,True,True,PEN,True,False,PEN,True,False,True
1444,0,PEN,PEN,True,True,PEN,True,False,PEN,True,False,True
1445,0,PEN,PEN,True,True,PEN,True,False,PEN,True,False,True
1446,0,PEN,PEN,True,True,PEN,True,False,PEN,True,False,True
1447,0,PEN,PEN,True,True,PEN,True,False,PEN,True,False,True
1448,0,PEN,PEN,True,True,PEN,True,False,PEN,True,False,True
1449,0,PEN,PEN,True,True,PEN,True,False,PEN,True,False,True
1450,0,PEN,PEN,True,True,PEN,True,False,PEN,True,False,True
1451,0,PEN,PEN,True,True,PEN,True,False,PEN,True,False,True
1452,0,PEN,PEN,True,True,PEN,True,False,PEN,True,False,True
1453,0,PEN,PEN,True,True,PEN,True,False,PEN,True,False,True
1454,0,PEN,PEN,True,True,PEN,True,False,PEN,True,False,True
1455,0,PEN,PEN,True,True,PEN,True,False,PEN,True,False,True
1456,0,PEN,PEN,True,True,PEN,True,False,PEN,True,False,True
1457,0,PEN,PEN,True,True,PEN,True,False,PEN,True,False,True
1458,0,PEN,PEN,True,True,PEN,True,False,PEN,True,False,True
1459,0,PEN,PEN,True,True,PEN,True,False,PEN,True,False,True
1460,0,PEN,PEN,True,True,PEN,True,False,PEN,True,False,True
1461,0,PEN,PEN,True,True,PEN,True,False,PEN,True,False,True
1462,0,PEN,PEN,True,True,PEN,True,False,PEN,True,False,True
1463,0,PEN,PEN,True,True,PEN,True,False,PEN,True,False,True
1464,0,PEN,PEN,True,True,PEN,True,False,PEN,True,False,True
1465,0,PEN,PEN,True,True,PEN,True,False,PEN,True,False,True
1466,0,PEN,PEN,True,True,PEN,True,False,PEN,True,False,True
1467,0,PEN,PEN,True,True,PEN,True,False,PEN,True,False,True
1468,0,PEN,PEN,True,True,PEN,True,False,PEN,True,False,True
1469,0,PEN,PEN,True,True,PEN,True,False,PEN,True,False,True
1470,0,PEN,PEN,True,True,PEN,True,True,PEN,True,False,True
1471,0,PEN,PEN,True,True,PEN,True,False,PEN,True,False,True
1472,0,PEN,PEN,True,True,PEN,True,False,PEN,True,False,True
1473,0,PEN,PEN,True,True,PEN,True,False,PEN,True,False,True
1474,0,PEN,PEN,True,True,PEN,True,False,PEN,True,False,True
1475,0,PEN,PEN,True,True,PEN,True,False,PEN,True,False,True
1476,0,PEN,PEN,True,True,PEN,True,False,PEN,True,False,True
1477,0,PEN,PEN,True,True,PEN,True,False,PEN,True,False,True
1478,0,PEN,PEN,True,True,PEN,True,False,PEN,True,False,True
1479,0,PEN,PEN,True,True,PEN,True,False,PEN,True,False,True
1480,0,PEN,PEN,True,True,PEN,True,False,PEN,True,False,True
1481,0,PEN,PEN,True,True,PEN,True,False,PEN,True,False,True
1482,0,PEN,PEN,True,True,PEN,True,False,PEN,True,False,True
1483,0,PEN,PEN,True,True,PEN,True,False,PEN,True,False,True
1484,0,PEN,PEN,True,True,PEN,True,False,PEN,True,False,True
1485,0,PEN,PEN,True,True,PEN,True,False,PEN,True,False,True
1486,0,PEN,PEN,True,True,PEN,True,False,PEN,True,False,True
1487,0,PEN,PEN,True,True,PEN,True,False,PEN,True,False,True
1488,0,PEN,PEN,True,True,PEN,True,False,PEN,True,False,True
1489,0,PEN,PEN,True,True,PEN,True,False,PEN,True,False,True
1490,0,PEN,PEN,True,True,PEN,True,False,PEN,True,False,True
1491,0,PEN,PEN,True,True,PEN,True,False,PEN,True,False,True
1492,0,PEN,PEN,True,True,PEN,True,False,PEN,True,False,True
1493,0,PEN,PEN,True,True,PEN,True,False,PEN,True,False,True
1494,0,PEN,PEN,True,True,PEN,True,False,PEN,True,False,True
1495,0,PEN,PEN,True,True,PEN,True,False,PEN,True,False,True
1496,0,PEN,PEN,True,True,PEN,True,False,PEN,True,False,True
1497,0,PEN,PEN,True,True,PEN,True,False,PEN,True,False,True
1498,0,PEN,PEN,True,True,PEN,True,False,PEN,True,False,True
1499,0,PEN,PEN,True,True,PEN,True,False,PEN,True,False,True
1500,0,PEN,PEN,True,True,PEN,True,True,PEN,True,False,True
1501,0,PEN,PEN,True,True,PEN,True,False,PEN,True,False,True
1502,0,PEN,PEN,True,True,PEN,True,False,PEN,True,False,True
1503,0,PEN,PEN,True,True,PEN,True,False,PEN,True,False,True
1504,0,PEN,PEN,True,True,PEN,True,False,PEN,True,False,True
1505,0,PEN,PEN,True,True,PEN,True,False,PEN,True,False,True
1506,0,PEN,PEN,True,True,PEN,True,False,PEN,True,False,True
1507,0,PEN,PEN,True,True,PEN,True,False,PEN,True,False,True
1508,0,PEN,PEN,True,True,PEN,True,False,PEN,True,False,True
1509,0,PEN,PEN,True,True,PEN,True,False,PEN,True,False,True
1510,0,PEN,PEN,True,True,PEN,True,False,PEN,True,False,True
1511,0,PEN,PEN,True,True,PEN,True,False,PEN,True,False,True
1512,0,PEN,PEN,True,True,PEN,True,False,PEN,True,False,True
1513,0,PEN,PEN,True,True,PEN,True,False,PEN,True,False,True
1514,0,PEN,PEN,True,True,PEN,True,False,PEN,True,False,True
1515,0,PEN,PEN,True,True,PEN,True,False,PEN,True,False,True
1516,0,PEN,PEN,True,True,PEN,True,False,PEN,True,False,True
1517,0,PEN,PEN,True,True,PEN,True,False,PEN,True,False,True
1518,0,PEN,PEN,True,True,PEN,True,False,PEN,True,False,True
1519,0,PEN,PEN,True,True,PEN,True,False,PEN,True,False,True
1520,0,PEN,PEN,True,True,PEN,True,False,PEN,True,False,True
1521,0,PEN,PEN,True,True,PEN,True,False,PEN,True,False,True
1522,0,PEN,PEN,True,True,PEN,True,False,PEN,True,False,True
1523,0,PEN,PEN,True,True,PEN,True,False,PEN,True,False,True
1524,0,PEN,PEN,True,True,PEN,True,False,PEN,True,False,True
1525,0,PEN,PEN,True,True,PEN,True,False,PEN,True,False,True
1526,0,PEN,PEN,True,True,PEN,True,False,PEN,True,False,True
1527,0,PEN,PEN,True,True,PEN,True,False,PEN,True,False,True
1528,0,PEN,PEN,True,True,PEN,True,False,PEN,True,False,True
1529,0,PEN,PEN,True,True,PEN,True,False,PEN,True,False,True
1530,0,PEN,PEN,True,True,PEN,True,True,PEN,True,False,True
1531,0,PEN,PEN,True,True,PEN,True,False,PEN,True,False,True
1532,0,PEN,PEN,True,True,PEN,True,False,PEN,True,False,True
1533,0,PEN,PEN,True,True,PEN,True,False,PEN,True,False,True
1534,0,PEN,PEN,True,True,PEN,True,False,PEN,True,False,True
1535,0,PEN,PEN,True,True,PEN,True,False,PEN,True,False,True
1536,0,PEN,PEN,True,True,PEN,True,False,PEN,True,False,True
1537,0,PEN,PEN,True,True,PEN,True,False,PEN,True,False,True
1538,0,PEN,PEN,True,True,PEN,True,False,PEN,True,False,True
1539,0,PEN,PEN,True,True,PEN,True,False,PEN,True,False,True
1540,0,PEN,PEN,True,True,PEN,True,False,PEN,True,False,True
1541,0,PEN,PEN,True,True,PEN,True,False,PEN,True,False,True
1542,0,PEN,PEN,True,True,PEN,True,False,PEN,True,False,True
1543,0,PEN,PEN,True,True,PEN,True,False,PEN,True,False,True
1544,0,PEN,PEN,True,True,PEN,True,False,PEN,True,False,True
1545,0,PEN,PEN,True,True,PEN,True,False,PEN,True,False,True
1546,0,PEN,PEN,True,True,PEN,True,False,PEN,True,False,True
1547,0,PEN,PEN,True,True,PEN,True,False,PEN,True,False,True
1548,0,PEN,PEN,True,True,PEN,True,False,PEN,True,False,True
1549,0,PEN,PEN,True,True,PEN,True,False,PEN,True,False,True
1550,0,PEN,PEN,True,True,PEN,True,False,PEN,True,False,True
1551,0,PEN,PEN,True,True,PEN,True,False,PEN,True,False,True
1552,0,PEN,PEN,True,True,PEN,True,False,PEN,True,False,True
1553,0,PEN,PEN,True,True,PEN,True,False,PEN,True,False,True
1554,0,PEN,PEN,True,True,PEN,True,False,PEN,True,False,True
1555,0,PEN,PEN,True,True,PEN,True,False,PEN,True,False,True
1556,0,PEN,PEN,True,True,PEN,True,False,PEN,True,False,True
1557,0,PEN,PEN,True,True,PEN,True,False,PEN,True,False,True
1558,0,PEN,PEN,True,True,PEN,True,False,PEN,True,False,True
1559,0,PEN,PEN,True,True,PEN,True,False,PEN,True,False,True
1560,0,PEN,PEN,True,True,PEN,True,True,PEN,True,False,True
1561,0,PEN,PEN,True,True,PEN,True,False,PEN,True,False,True
1562,0,PEN,PEN,True,True,PEN,True,False,PEN,True,False,True
1563,0,PEN,PEN,True,True,PEN,True,False,PEN,True,False,True
1564,0,PEN,PEN,True,True,PEN,True,False,PEN,True,False,True
1565,0,PEN,PEN,True,True,PEN,True,False,PEN,True,False,True
1566,0,PEN,PEN,True,True,PEN,True,False,PEN,True,False,True
1567,0,PEN,PEN,True,True,PEN,True,False,PEN,True,False,True
1568,0,PEN,PEN,True,True,PEN,True,False,PEN,True,False,True
1569,0,PEN,PEN,True,True,PEN,True,False,PEN,True,False,True
1570,0,PEN,PEN,True,True,PEN,True,False,PEN,True,False,True
1571,0,PEN,PEN,True,True,PEN,True,False,PEN,True,False,True
1572,0,PEN,PEN,True,True,PEN,True,False,PEN,True,False,True
1573,0,PEN,PEN,True,True,PEN,True,False,PEN,True,False,True
1574,0,PEN,PEN,True,True,PEN,True,False,PEN,True,False,True
1575,0,PEN,PEN,True,True,PEN,True,False,PEN,True,False,True
1576,0,PEN,PEN,True,True,PEN,True,False,PEN,True,False,True
1577,0,PEN,PEN,True,True,PEN,True,False,PEN,True,False,True
1578,0,PEN,PEN,True,True,PEN,True,False,PEN,True,False,True
1579,0,PEN,PEN,True,True,PEN,True,False,PEN,True,False,True
1580,0,PEN,PEN,True,True,PEN,True,False,PEN,True,False,True
1581,0,PEN,PEN,True,True,PEN,True,False,PEN,True,False,True
1582,0,PEN,PEN,True,True,PEN,True,False,PEN,True,False,True
1583,0,PEN,PEN,True,True,PEN,True,False,PEN,True,False,True
1584,0,PEN,PEN,True,True,PEN,True,False,PEN,True,False,True
1585,0,PEN,PEN,True,True,PEN,True,False,PEN,True,False,True
1586,0,PEN,PEN,True,True,PEN,True,False,PEN,True,False,True
1587,0,PEN,PEN,True,True,PEN,True,False,PEN,True,False,True
1588,0,PEN,PEN,True,True,PEN,True,False,PEN,True,False,True
1589,0,PEN,PEN,True,True,PEN,True,False,PEN,True,False,True
1590,0,PEN,PEN,True,True,PEN,True,True,PEN,True,False,True
1591,0,PEN,PEN,True,True,PEN,True,False,PEN,True,False,True
1592,0,PEN,PEN,True,True,PEN,True,False,PEN,True,False,True
1593,0,PEN,PEN,True,True,PEN,True,False,PEN,True,False,True
1594,0,PEN,PEN,True,True,PEN,True,False,PEN,True,False,True
1595,0,PEN,PEN,True,True,PEN,True,False,PEN,True,False,True
1596,0,PEN,PEN,True,True,PEN,True,False,PEN,True,False,True
1597,0,PEN,PEN,True,True,PEN,True,False,PEN,True,False,True
1598,0,PEN,PEN,True,True,PEN,True,False,PEN,True,False,True
1599,0,PEN,PEN,True,True,PEN,True,False,PEN,True,False,True
1600,0,PEN,PEN,True,True,PEN,True,False,PEN,True,False,True
1601,0,PEN,PEN,True,True,PEN,True,False,PEN,True,False,True
1602,0,PEN,PEN,True,True,PEN,True,False,PEN,True,False,True
1603,0,PEN,PEN,True,True,PEN,True,False,PEN,True,False,True
1604,0,PEN,PEN,True,True,PEN,True,False,PEN,True,False,True
1605,0,PEN,PEN,True,True,PEN,True,False,PEN,True,False,True
1606,0,PEN,PEN,True,True,PEN,True,False,PEN,True,False,True
1607,0,PEN,PEN,True,True,PEN,True,False,PEN,True,False,True
1608,0,PEN,PEN,True,True,PEN,True,False,PEN,True,False,True
1609,0,PEN,PEN,True,True,PEN,True,False,PEN,True,False,True
1610,0,PEN,PEN,True,True,PEN,True,False,PEN,True,False,True
1611,0,PEN,PEN,True,True,PEN,True,False,PEN,True,False,True
1612,0,PEN,PEN,True,True,PEN,True,False,PEN,True,False,True
1613,0,PEN,PEN,True,True,PEN,True,False,PEN,True,False,True
1614,0,PEN,PEN,True,True,PEN,True,False,PEN,True,False,True
1615,0,PEN,PEN,True,True,PEN,True,False,PEN,True,False,True
1616,0,PEN,PEN,True,True,PEN,True,False,PEN,True,False,True
1617,0,PEN,PEN,True,True,PEN,True,False,PEN,True,False,True
1618,0,PEN,PEN,True,True,PEN,True,False,PEN,True,False,True
1619,0,PEN,PEN,True,True,PEN,True,False,PEN,True,False,True
1620,0,PEN,PEN,True,True,PEN,True,True,PEN,True,False,True
1621,0,PEN,PEN,True,True,PEN,True,False,PEN,True,False,True
1622,0,PEN,PEN,True,True,PEN,True,False,PEN,True,False,True
1623,0,PEN,PEN,True,True,PEN,True,False,PEN,True,False,True
1624,0,PEN,PEN,True,True,PEN,True,False,PEN,True,False,True
1625,0,PEN,PEN,True,True,PEN,True,False,PEN,True,False,True
1626,0,PEN,PEN,True,True,PEN,True,False,PEN,True,False,True
1627,0,PEN,PEN,True,True,PEN,True,False,PEN,True,False,True
1628,0,PEN,PEN,True,True,PEN,True,False,PEN,True,False,True
1629,0,PEN,PEN,True,True,PEN,True,False,PEN,True,False,True
1630,0,PEN,PEN,True,True,PEN,True,False,PEN,True,False,True
1631,0,PEN,PEN,True,True,PEN,True,False,PEN,True,False,True
1632,0,PEN,PEN,True,True,PEN,True,False,PEN,True,False,True
1633,0,PEN,PEN,True,True,PEN,True,False,PEN,True,False,True
1634,0,PEN,PEN,True,True,PEN,True,False,PEN,True,False,True
1635,0,PEN,PEN,True,True,PEN,True,False,PEN,True,False,True
1636,0,PEN,PEN,True,True,PEN,True,False,PEN,True,False,True
1637,0,PEN,PEN,True,True,PEN,True,False,PEN,True,False,True
1638,0,PEN,PEN,True,True,PEN,True,False,PEN,True,False,True
1639,0,PEN,PEN,True,True,PEN,True,False,PEN,True,False,True
1640,0,PEN,PEN,True,True,PEN,True,False,PEN,True,False,True
1641,0,PEN,PEN,True,True,PEN,True,False,PEN,True,False,True
1642,0,PEN,PEN,True,True,PEN,True,False,PEN,True,False,True
1643,0,PEN,PEN,True,True,PEN,True,False,PEN,True,False,True
1644,0,PEN,PEN,True,True,PEN,True,False,PEN,True,False,True
1645,0,PEN,PEN,True,True,PEN,True,False,PEN,True,False,True
1646,0,PEN,PEN,True,True,PEN,True,False,PEN,True,False,True
1647,0,PEN,PEN,True,True,PEN,True,False,PEN,True,False,True
1648,0,PEN,PEN,True,True,PEN,True,False,PEN,True,False,True
1649,0,PEN,PEN,True,True,PEN,True,False,PEN,True,False,True
1650,0,PEN,PEN,True,True,PEN,True,True,PEN,True,False,True
1651,0,PEN,PEN,True,True,PEN,True,False,PEN,True,False,True
1652,0,PEN,PEN,True,True,PEN,True,False,PEN,True,False,True
1653,0,PEN,PEN,True,True,PEN,True,False,PEN,True,False,True
1654,0,PEN,PEN,True,True,PEN,True,False,PEN,True,False,True
1655,0,PEN,PEN,True,True,PEN,True,False,PEN,True,False,True
1656,0,PEN,PEN,True,True,PEN,True,False,PEN,True,False,True
1657,0,PEN,PEN,True,True,PEN,True,False,PEN,True,False,True
1658,0,PEN,PEN,True,True,PEN,True,False,PEN,True,False,True
1659,0,PEN,PEN,True,True,PEN,True,False,PEN,True,False,True
1660,0,PEN,PEN,True,True,PEN,True,False,PEN,True,False,True
1661,0,PEN,PEN,True,True,PEN,True,False,PEN,True,False,True
1662,0,PEN,PEN,True,True,PEN,True,False,PEN,True,False,True
1663,0,PEN,PEN,True,True,PEN,True,False,PEN,True,False,True
1664,0,PEN,PEN,True,True,PEN,True,False,PEN,True,False,True
1665,0,PEN,PEN,True,True,PEN,True,False,PEN,True,False,True
1666,0,PEN,PEN,True,True,PEN,True,False,PEN,True,False,True
1667,0,PEN,PEN,True,True,PEN,True,False,PEN,True,False,True
1668,0,PEN,PEN,True,True,PEN,True,False,PEN,True,False,True
1669,0,PEN,PEN,True,True,PEN,True,False,PEN,True,False,True
1670,0,PEN,PEN,True,True,PEN,True,False,PEN,True,False,True
1671,0,PEN,PEN,True,True,PEN,True,False,PEN,True,False,True
1672,0,PEN,PEN,True,True,PEN,True,False,PEN,True,False,True
1673,0,PEN,PEN,True,True,PEN,True,False,PEN,True,False,True
1674,0,PEN,PEN,True,True,PEN,True,False,PEN,True,False,True
1675,0,PEN,PEN,True,True,PEN,True,False,PEN,True,False,True
1676,0,PEN,PEN,True,True,PEN,True,False,PEN,True,False,True
1677,0,PEN,PEN,True,True,PEN,True,False,PEN,True,False,True
1678,0,PEN,PEN,True,True,PEN,True,False,PEN,True,False,True
1679,0,PEN,PEN,True,True,PEN,True,False,PEN,True,False,True
1680,0,PEN,PEN,True,True,PEN,True,True,PEN,True,False,True
1681,0,PEN,PEN,True,True,PEN,True,False,PEN,True,False,True
1682,0,PEN,PEN,True,True,PEN,True,False,PEN,True,False,True
1683,0,PEN,PEN,True,True,PEN,True,False,PEN,True,False,True
1684,0,PEN,PEN,True,True,PEN,True,False,PEN,True,False,True
1685,0,PEN,PEN,True,True,PEN,True,False,PEN,True,False,True
1686,0,PEN,PEN,True,True,PEN,True,False,PEN,True,False,True
1687,0,PEN,PEN,True,True,PEN,True,False,PEN,True,False,True
1688,0,PEN,PEN,True,True,PEN,True,False,PEN,True,False,True
1689,0,PEN,PEN,True,True,PEN,True,False,PEN,True,False,True
1690,0,PEN,PEN,True,True,PEN,True,False,PEN,True,False,True
1691,0,PEN,PEN,True,True,PEN,True,False,PEN,True,False,True
1692,0,PEN,PEN,True,True,PEN,True,False,PEN,True,False,True
1693,0,PEN,PEN,True,True,PEN,True,False,PEN,True,False,True
1694,0,PEN,PEN,True,True,PEN,True,False,PEN,True,False,True
1695,0,PEN,PEN,True,True,PEN,True,False,PEN,True,False,True
1696,0,PEN,PEN,True,True,PEN,True,False,PEN,True,False,True
1697,0,PEN,PEN,True,True,PEN,True,False,PEN,True,False,True
1698,0,PEN,PEN,True,True,PEN,True,False,PEN,True,False,True
1699,0,PEN,PEN,True,True,PEN,True,False,PEN,True,False,True
1700,0,PEN,PEN,True,True,PEN,True,False,PEN,True,False,True
1701,0,PEN,PEN,True,True,PEN,True,False,PEN,True,False,True
1702,0,PEN,PEN,True,True,PEN,True,False,PEN,True,False,True
1703,0,PEN,PEN,True,True,PEN,True,False,PEN,True,False,True
1704,0,PEN,PEN,True,True,PEN,True,False,PEN,True,False,True
1705,0,PEN,PEN,True,True,PEN,True,False,PEN,True,False,True
1706,0,PEN,PEN,True,True,PEN,True,False,PEN,True,False,True
1707,0,PEN,PEN,True,True,PEN,True,False,PEN,True,False,True
1708,0,PEN,PEN,True,True,PEN,True,False,PEN,True,False,True
1709,0,PEN,PEN,True,True,PEN,True,False,PEN,True,False,True
1710,0,PEN,PEN,True,True,PEN,True,True,PEN,True,False,True
1711,0,PEN,PEN,True,True,PEN,True,False,PEN,True,False,True
1712,0,PEN,PEN,True,True,PEN,True,False,PEN,True,False,True
1713,0,PEN,PEN,True,True,PEN,True,False,PEN,True,False,True
1714,0,PEN,PEN,True,True,PEN,True,False,PEN,True,False,True
1715,0,PEN,PEN,True,True,PEN,True,False,PEN,True,False,True
1716,0,PEN,PEN,True,True,PEN,True,False,PEN,True,False,True
1717,0,PEN,PEN,True,True,PEN,True,False,PEN,True,False,True
1718,0,PEN,PEN,True,True,PEN,True,False,PEN,True,False,True
1719,0,PEN,PEN,True,True,PEN,True,False,PEN,True,False,True
1720,0,PEN,PEN,True,True,PEN,True,False,PEN,True,False,True
1721,0,PEN,PEN,True,True,PEN,True,False,PEN,True,False,True
1722,0,PEN,PEN,True,True,PEN,True,False,PEN,True,False,True
1723,0,PEN,PEN,True,True,PEN,True,False,PEN,True,False,True
1724,0,PEN,PEN,True,True,PEN,True,False,PEN,True,False,True
1725,0,PEN,PEN,True,True,PEN,True,False,PEN,True,False,True
1726,0,PEN,PEN,True,True,PEN,True,False,PEN,True,False,True
1727,0,PEN,PEN,True,True,PEN,True,False,PEN,True,False,True
1728,0,PEN,PEN,True,True,PEN,True,False,PEN,True,False,True
1729,0,PEN,PEN,True,True,PEN,True,False,PEN,True,False,True
1730,0,PEN,PEN,True,True,PEN,True,False,PEN,True,False,True
1731,0,PEN,PEN,True,True,PEN,True,False,PEN,True,False,True
1732,0,PEN,PEN,True,True,PEN,True,False,PEN,True,False,True
1733,0,PEN,PEN,True,True,PEN,True,False,PEN,True,False,True
1734,0,PEN,PEN,True,True,PEN,True,False,PEN,True,False,True
1735,0,PEN,PEN,True,True,PEN,True,False,PEN,True,False,True
1736,0,PEN,PEN,True,True,PEN,True,False,PEN,True,False,True
1737,0,PEN,PEN,True,True,PEN,True,False,PEN,True,False,True
1738,0,PEN,PEN,True,True,PEN,True,False,PEN,True,False,True
1739,0,PEN,PEN,True,True,PEN,True,False,PEN,True,False,True
1740,0,PEN,PEN,True,True,PEN,True,True,PEN,True,False,True
1741,0,PEN,PEN,True,True,PEN,True,False,PEN,True,False,True
1742,0,PEN,PEN,True,True,PEN,True,False,PEN,True,False,True
1743,0,PEN,PEN,True,True,PEN,True,False,PEN,True,False,True
1744,0,PEN,PEN,True,True,PEN,True,False,PEN,True,False,True
1745,0,PEN,PEN,True,True,PEN,True,False,PEN,True,False,True
1746,0,PEN,PEN,True,True,PEN,True,False,PEN,True,False,True
1747,0,PEN,PEN,True,True,PEN,True,False,PEN,True,False,True
1748,0,PEN,PEN,True,True,PEN,True,False,PEN,True,False,True
1749,0,PEN,PEN,True,True,PEN,True,False,PEN,True,False,True
1750,0,PEN,PEN,True,True,PEN,True,False,PEN,True,False,True
1751,0,PEN,PEN,True,True,PEN,True,False,PEN,True,False,True
1752,0,PEN,PEN,True,True,PEN,True,False,PEN,True,False,True
1753,0,PEN,PEN,True,True,PEN,True,False,PEN,True,False,True
1754,0,PEN,PEN,True,True,PEN,True,False,PEN,True,False,True
1755,0,PEN,PEN,True,True,PEN,True,False,PEN,True,False,True
1756,0,PEN,PEN,True,True,PEN,True,False,PEN,True,False,True
1757,0,PEN,PEN,True,True,PEN,True,False,PEN,True,False,True
1758,0,PEN,PEN,True,True,PEN,True,False,PEN,True,False,True
1759,0,PEN,PEN,True,True,PEN,True,False,PEN,True,False,True
1760,0,PEN,PEN,True,True,PEN,True,False,PEN,True,False,True
1761,0,PEN,PEN,True,True,PEN,True,False,PEN,True,False,True
1762,0,PEN,PEN,True,True,PEN,True,False,PEN,True,False,True
1763,0,PEN,PEN,True,True,PEN,True,False,PEN,True,False,True
1764,0,PEN,PEN,True,True,PEN,True,False,PEN,True,False,True
1765,0,PEN,PEN,True,True,PEN,True,False,PEN,True,False,True
1766,0,PEN,PEN,True,True,PEN,True,False,PEN,True,False,True
1767,0,PEN,PEN,True,True,PEN,True,False,PEN,True,False,True
1768,0,PEN,PEN,True,True,PEN,True,False,PEN,True,False,True
1769,0,PEN,PEN,True,True,PEN,True,False,PEN,True,False,True
1770,0,PEN,PEN,True,True,PEN,True,True,PEN,True,False,True
1771,0,PEN,PEN,True,True,PEN,True,False,PEN,True,False,True
1772,0,PEN,PEN,True,True,PEN,True,False,PEN,True,False,True
1773,0,PEN,PEN,True,True,PEN,True,False,PEN,True,False,True
1774,0,PEN,PEN,True,True,PEN,True,False,PEN,True,False,True
1775,0,PEN,PEN,True,True,PEN,True,False,PEN,True,False,True
1776,0,PEN,PEN,True,True,PEN,True,False,PEN,True,False,True
1777,0,PEN,PEN,True,True,PEN,True,False,PEN,True,False,True
1778,0,PEN,PEN,True,True,PEN,True,False,PEN,True,False,True
1779,0,PEN,PEN,True,True,PEN,True,False,PEN,True,False,True
1780,0,PEN,PEN,True,True,PEN,True,False,PEN,True,False,True
1781,0,PEN,PEN,True,True,PEN,True,False,PEN,True,False,True
1782,0,PEN,PEN,True,True,PEN,True,False,PEN,True,False,True
1783,0,PEN,PEN,True,True,PEN,True,False,PEN,True,False,True
1784,0,PEN,PEN,True,True,PEN,True,False,PEN,True,False,True
1785,0,PEN,PEN,True,True,PEN,True,False,PEN,True,False,True
1786,0,PEN,PEN,True,True,PEN,True,False,PEN,True,False,True
1787,0,PEN,PEN,True,True,PEN,True,False,PEN,True,False,True
1788,0,PEN,PEN,True,True,PEN,True,False,PEN,True,False,True
1789,0,PEN,PEN,True,True,PEN,True,False,PEN,True,False,True
1790,0,PEN,PEN,True,True,PEN,True,False,PEN,True,False,True
1791,0,PEN,PEN,True,True,PEN,True,False,PEN,True,False,True
1792,0,PEN,PEN,True,True,PEN,True,False,PEN,True,False,True
1793,0,PEN,PEN,True,True,PEN,True,False,PEN,True,False,True
1794,0,PEN,PEN,True,True,PEN,True,False,PEN,True,False,True
1795,0,PEN,PEN,True,True,PEN,True,False,PEN,True,False,True
1796,0,PEN,PEN,True,True,PEN,True,False,PEN,True,False,True
1797,0,PEN,PEN,True,True,PEN,True,False,PEN,True,False,True
1798,0,PEN,PEN,True,True,PEN,True,False,PEN,True,False,True
1799,0,PEN,PEN,True,True,PEN,True,False,PEN,True,False,True
1800,0,PEN,PEN,True,True,PEN,True,True,PEN,True,False,True
1801,0,PEN,PEN,True,True,PEN,True,False,PEN,True,False,True
1802,0,PEN,PEN,True,True,PEN,True,False,PEN,True,False,True
1803,0,PEN,PEN,True,True,PEN,True,False,PEN,True,False,True
1804,0,PEN,PEN,True,True,PEN,True,False,PEN,True,False,True
1805,0,PEN,PEN,True,True,PEN,True,False,PEN,True,False,True
1806,0,PEN,PEN,True,True,PEN,True,False,PEN,True,False,True
1807,0,PEN,PEN,True,True,PEN,True,False,PEN,True,False,True
1808,0,PEN,PEN,True,True,PEN,True,False,PEN,True,False,True
1809,0,PEN,PEN,True,True,PEN,True,False,PEN,True,False,True
1810,0,PEN,PEN,True,True,PEN,True,False,PEN,True,False,True
1811,0,PEN,PEN,True,True,PEN,True,False,PEN,True,False,True
1812,0,PEN,PEN,True,True,PEN,True,False,PEN,True,False,True
1813,0,PEN,PEN,True,True,PEN,True,False,PEN,True,False,True
1814,0,PEN,PEN,True,True,PEN,True,False,PEN,True,False,True
1815,0,PEN,PEN,True,True,PEN,True,False,PEN,True,False,True
1816,0,PEN,PEN,True,True,PEN,True,False,PEN,True,False,True
1817,0,PEN,PEN,True,True,PEN,True,False,PEN,True,False,True
1818,0,PEN,PEN,True,True,PEN,True,False,PEN,True,False,True
1819,0,PEN,PEN,True,True,PEN,True,False,PEN,True,False,True
1820,0,PEN,PEN,True,True,PEN,True,False,PEN,True,False,True
1821,0,PEN,PEN,True,True,PEN,True,False,PEN,True,False,True
1822,0,PEN,PEN,True,True,PEN,True,False,PEN,True,False,True
1823,0,PEN,PEN,True,True,PEN,True,False,PEN,True,False,True
1824,0,PEN,PEN,True,True,PEN,True,False,PEN,True,False,True
1825,0,PEN,PEN,True,True,PEN,True,False,PEN,True,False,True
1826,0,PEN,PEN,True,True,PEN,True,False,PEN,True,False,True
1827,0,PEN,PEN,True,True,PEN,True,False,PEN,True,False,True
1828,0,PEN,PEN,True,True,PEN,True,False,PEN,True,False,True
1829,0,PEN,PEN,True,True,PEN,True,False,PEN,True,False,True
1830,0,PEN,PEN,True,True,PEN,True,True,PEN,True,False,True
1831,0,PEN,PEN,True,True,PEN,True,False,PEN,True,False,True
1832,0,PEN,PEN,True,True,PEN,True,False,PEN,True,False,True
1833,0,PEN,PEN,True,True,PEN,True,False,PEN,True,False,True
1834,0,PEN,PEN,True,True,PEN,True,False,PEN,True,False,True
1835,0,PEN,PEN,True,True,PEN,True,False,PEN,True,False,True
1836,0,PEN,PEN,True,True,PEN,True,False,PEN,True,False,True
1837,0,PEN,PEN,True,True,PEN,True,False,PEN,True,False,True
1838,0,PEN,PEN,True,True,PEN,True,False,PEN,True,False,True
1839,0,PEN,PEN,True,True,PEN,True,False,PEN,True,False,True
1840,0,PEN,PEN,True,True,PEN,True,False,PEN,True,False,True
1841,0,PEN,PEN,True,True,PEN,True,False,PEN,True,False,True
1842,0,PEN,PEN,True,True,PEN,True,False,PEN,True,False,True
1843,0,PEN,PEN,True,True,PEN,True,False,PEN,True,False,True
1844,0,PEN,PEN,True,True,PEN,True,False,PEN,True,False,True
1845,0,PEN,PEN,True,True,PEN,True,False,PEN,True,False,True
1846,0,PEN,PEN,True,True,PEN,True,False,PEN,True,False,True
1847,0,PEN,PEN,True,True,PEN,True,False,PEN,True,False,True
1848,0,PEN,PEN,True,True,PEN,True,False,PEN,True,False,True
1849,0,PEN,PEN,True,True,PEN,True,False,PEN,True,False,True
1850,0,PEN,PEN,True,True,PEN,True,False,PEN,True,False,True
1851,0,PEN,PEN,True,True,PEN,True,False,PEN,True,False,True
1852,0,PEN,PEN,True,True,PEN,True,False,PEN,True,False,True
1853,0,PEN,PEN,True,True,PEN,True,False,PEN,True,False,True
1854,0,PEN,PEN,True,True,PEN,True,False,PEN,True,False,True
1855,0,PEN,PEN,True,True,PEN,True,False,PEN,True,False,True
1856,0,PEN,PEN,True,True,PEN,True,False,PEN,True,False,True
1857,0,PEN,PEN,True,True,PEN,True,False,PEN,True,False,True
1858,0,PEN,PEN,True,True,PEN,True,False,PEN,True,False,True
1859,0,PEN,PEN,True,True,PEN,True,False,PEN,True,False,True
1860,0,PEN,PEN,True,True,PEN,True,True,PEN,True,False,True
1861,0,PEN,PEN,True,True,PEN,True,False,PEN,True,False,True
1862,0,PEN,PEN,True,True,PEN,True,False,PEN,True,False,True
1863,0,PEN,PEN,True,True,PEN,True,False,PEN,True,False,True
1864,0,PEN,PEN,True,True,PEN,True,False,PEN,True,False,True
1865,0,PEN,PEN,True,True,PEN,True,False,PEN,True,False,True
1866,0,PEN,PEN,True,True,PEN,True,False,PEN,True,False,True
1867,0,PEN,PEN,True,True,PEN,True,False,PEN,True,False,True
1868,0,PEN,PEN,True,True,PEN,True,False,PEN,True,False,True
1869,0,PEN,PEN,True,True,PEN,True,False,PEN,True,False,True
1870,0,PEN,PEN,True,True,PEN,True,False,PEN,True,False,True
1871,0,PEN,PEN,True,True,PEN,True,False,PEN,True,False,True
1872,0,PEN,PEN,True,True,PEN,True,False,PEN,True,False,True
1873,0,PEN,PEN,True,True,PEN,True,False,PEN,True,False,True
1874,0,PEN,PEN,True,True,PEN,True,False,PEN,True,False,True
1875,0,PEN,PEN,True,True,PEN,True,False,PEN,True,False,True
1876,0,PEN,PEN,True,True,PEN,True,False,PEN,True,False,True
1877,0,PEN,PEN,True,True,PEN,True,False,PEN,True,False,True
1878,0,PEN,PEN,True,True,PEN,True,False,PEN,True,False,True
1879,0,PEN,PEN,True,True,PEN,True,False,PEN,True,False,True
1880,0,PEN,PEN,True,True,PEN,True,False,PEN,True,False,True
1881,0,PEN,PEN,True,True,PEN,True,False,PEN,True,False,True
1882,0,PEN,PEN,True,True,PEN,True,False,PEN,True,False,True
1883,0,PEN,PEN,True,True,PEN,True,False,PEN,True,False,True
1884,0,PEN,PEN,True,True,PEN,True,False,PEN,True,False,True
1885,0,PEN,PEN,True,True,PEN,True,False,PEN,True,False,True
1886,0,PEN,PEN,True,True,PEN,True,False,PEN,True,False,True
1887,0,PEN,PEN,True,True,PEN,True,False,PEN,True,False,True
1888,0,PEN,PEN,True,True,PEN,True,False,PEN,True,False,True
1889,0,PEN,PEN,True,True,PEN,True,False,PEN,True,False,True
1890,0,PEN,PEN,True,True,PEN,True,True,PEN,True,False,True
1891,0,PEN,PEN,True,True,PEN,True,False,PEN,True,False,True
1892,0,PEN,PEN,True,True,PEN,True,False,PEN,True,False,True
1893,0,PEN,PEN,True,True,PEN,True,False,PEN,True,False,True
1894,0,PEN,PEN,True,True,PEN,True,False,PEN,True,False,True
1895,0,PEN,PEN,True,True,PEN,True,False,PEN,True,False,True
1896,0,PEN,PEN,True,True,PEN,True,False,PEN,True,False,True
1897,0,PEN,PEN,True,True,PEN,True,False,PEN,True,False,True
1898,0,PEN,PEN,True,True,PEN,True,False,PEN,True,False,True
1899,0,PEN,PEN,True,True,PEN,True,False,PEN,True,False,True
1900,0,PEN,PEN,True,True,PEN,True,False,PEN,True,False,True
1901,0,PEN,PEN,True,True,PEN,True,False,PEN,True,False,True
1902,0,PEN,PEN,True,True,PEN,True,False,PEN,True,False,True
1903,0,PEN,PEN,True,True,PEN,True,False,PEN,True,False,True
1904,0,PEN,PEN,True,True,PEN,True,False,PEN,True,False,True
1905,0,PEN,PEN,True,True,PEN,True,False,PEN,True,False,True
1906,0,PEN,PEN,True,True,PEN,True,False,PEN,True,False,True
1907,0,PEN,PEN,True,True,PEN,True,False,PEN,True,False,True
1908,0,PEN,PEN,True,True,PEN,True,False,PEN,True,False,True
1909,0,PEN,PEN,True,True,PEN,True,False,PEN,True,False,True
1910,0,PEN,PEN,True,True,PEN,True,False,PEN,True,False,True
1911,0,PEN,PEN,True,True,PEN,True,False,PEN,True,False,True
1912,0,PEN,PEN,True,True,PEN,True,False,PEN,True,False,True
1913,0,PEN,PEN,True,True,PEN,True,False,PEN,True,False,True
1914,0,PEN,PEN,True,True,PEN,True,False,PEN,True,False,True
1915,0,PEN,PEN,True,True,PEN,True,False,PEN,True,False,True
1916,0,PEN,PEN,True,True,PEN,True,False,PEN,True,False,True
1917,0,PEN,PEN,True,True,PEN,True,False,PEN,True,False,True
1918,0,PEN,PEN,True,True,PEN,True,False,PEN,True,False,True
1919,0,PEN,PEN,True,True,PEN,True,False,PEN,True,False,True
1920,0,PEN,PEN,True,True,PEN,True,True,PEN,True,False,True
1921,0,PEN,PEN,True,True,PEN,True,False,PEN,True,False,True
1922,0,PEN,PEN,True,True,PEN,True,False,PEN,True,False,True
1923,0,PEN,PEN,True,True,PEN,True,False,PEN,True,False,True
1924,0,PEN,PEN,True,True,PEN,True,False,PEN,True,False,True
1925,0,PEN,PEN,True,True,PEN,True,False,PEN,True,False,True
1926,0,PEN,PEN,True,True,PEN,True,False,PEN,True,False,True
1927,0,PEN,PEN,True,True,PEN,True,False,PEN,True,False,True
1928,0,PEN,PEN,True,True,PEN,True,False,PEN,True,False,True
1929,0,PEN,PEN,True,True,PEN,True,False,PEN,True,False,True
1930,0,PEN,PEN,True,True,PEN,True,False,PEN,True,False,True
1931,0,PEN,PEN,True,True,PEN,True,False,PEN,True,False,True
1932,0,PEN,PEN,True,True,PEN,True,False,PEN,True,False,True
1933,0,PEN,PEN,True,True,PEN,True,False,PEN,True,False,True
1934,0,PEN,PEN,True,True,PEN,True,False,PEN,True,False,True
1935,0,PEN,PEN,True,True,PEN,True,False,PEN,True,False,True
1936,0,PEN,PEN,True,True,PEN,True,False,PEN,True,False,True
1937,0,PEN,PEN,True,True,PEN,True,False,PEN,True,False,True
1938,0,PEN,PEN,True,True,PEN,True,False,PEN,True,False,True
1939,0,PEN,PEN,True,True,PEN,True,False,PEN,True,False,True
1940,0,PEN,PEN,True,True,PEN,True,False,PEN,True,False,True
1941,0,PEN,PEN,True,True,PEN,True,False,PEN,True,False,True
1942,0,PEN,PEN,True,True,PEN,True,False,PEN,True,False,True
1943,0,PEN,PEN,True,True,PEN,True,False,PEN,True,False,True
1944,0,PEN,PEN,True,True,PEN,True,False,PEN,True,False,True
1945,0,PEN,PEN,True,True,PEN,True,False,PEN,True,False,True
1946,0,PEN,PEN,True,True,PEN,True,False,PEN,True,False,True
1947,0,PEN,PEN,True,True,PEN,True,False,PEN,True,False,True
1948,0,PEN,PEN,True,True,PEN,True,False,PEN,True,False,True
1949,0,PEN,PEN,True,True,PEN,True,False,PEN,True,False,True
1950,0,PEN,PEN,True,True,PEN,True,True,PEN,True,False,True
1951,0,PEN,PEN,True,True,PEN,True,False,PEN,True,False,True
1952,0,PEN,PEN,True,True,PEN,True,False,PEN,True,False,True
1953,0,PEN,PEN,True,True,PEN,True,False,PEN,True,False,True
1954,0,PEN,PEN,True,True,PEN,True,False,PEN,True,False,True
1955,0,PEN,PEN,True,True,PEN,True,False,PEN,True,False,True
1956,0,PEN,PEN,True,True,PEN,True,False,PEN,True,False,True
1957,0,PEN,PEN,True,True,PEN,True,False,PEN,True,False,True
1958,0,PEN,PEN,True,True,PEN,True,False,PEN,True,False,True
1959,0,PEN,PEN,True,True,PEN,True,False,PEN,True,False,True
1960,0,PEN,PEN,True,True,PEN,True,False,PEN,True,False,True
1961,0,PEN,PEN,True,True,PEN,True,False,PEN,True,False,True
1962,0,PEN,PEN,True,True,PEN,True,False,PEN,True,False,True
1963,0,PEN,PEN,True,True,PEN,True,False,PEN,True,False,True
1964,0,PEN,PEN,True,True,PEN,True,False,PEN,True,False,True
1965,0,PEN,PEN,True,True,PEN,True,False,PEN,True,False,True
1966,0,PEN,PEN,True,True,PEN,True,False,PEN,True,False,True
1967,0,PEN,PEN,True,True,PEN,True,False,PEN,True,False,True
1968,0,PEN,PEN,True,True,PEN,True,False,PEN,True,False,True
1969,0,PEN,PEN,True,True,PEN,True,False,PEN,True,False,True
1970,0,PEN,PEN,True,True,PEN,True,False,PEN,True,False,True
1971,0,PEN,PEN,True,True,PEN,True,False,PEN,True,False,True
1972,0,PEN,PEN,True,True,PEN,True,False,PEN,True,False,True
1973,0,PEN,PEN,True,True,PEN,True,False,PEN,True,False,True
1974,0,PEN,PEN,True,True,PEN,True,False,PEN,True,False,True
1975,0,PEN,PEN,True,True,PEN,True,False,PEN,True,False,True
1976,0,PEN,PEN,True,True,PEN,True,False,PEN,True,False,True
1977,0,PEN,PEN,True,True,PEN,True,False,PEN,True,False,True
1978,0,PEN,PEN,True,True,PEN,True,False,PEN,True,False,True
1979,0,PEN,PEN,True,True,PEN,True,False,PEN,True,False,True
1980,0,PEN,PEN,True,True,PEN,True,True,PEN,True,False,True
1981,0,PEN,PEN,True,True,PEN,True,False,PEN,True,False,True
1982,0,PEN,PEN,True,True,PEN,True,False,PEN,True,False,True
1983,0,PEN,PEN,True,True,PEN,True,False,PEN,True,False,True
1984,0,PEN,PEN,True,True,PEN,True,False,PEN,True,False,True
1985,0,PEN,PEN,True,True,PEN,True,False,PEN,True,False,True
1986,0,PEN,PEN,True,True,PEN,True,False,PEN,True,False,True
1987,0,PEN,PEN,True,True,PEN,True,False,PEN,True,False,True
1988,0,PEN,PEN,True,True,PEN,True,False,PEN,True,False,True
1989,0,PEN,PEN,True,True,PEN,True,False,PEN,True,False,True
1990,0,PEN,PEN,True,True,PEN,True,False,PEN,True,False,True
1991,0,PEN,PEN,True,True,PEN,True,False,PEN,True,False,True
1992,0,PEN,PEN,True,True,PEN,True,False,PEN,True,False,True
1993,0,PEN,PEN,True,True,PEN,True,False,PEN,True,False,True
1994,0,PEN,PEN,True,True,PEN,True,False,PEN,True,False,True
1995,0,PEN,PEN,True,True,PEN,True,False,PEN,True,False,True
1996,0,PEN,PEN,True,True,PEN,True,False,PEN,True,False,True
1997,0,PEN,PEN,True,True,PEN,True,False,PEN,True,False,True
1998,0,PEN,PEN,True,True,PEN,True,False,PEN,True,False,True
1999,0,PEN,PEN,True,True,PEN,True,False,PEN,True,False,True
2000,0,PEN,PEN,True,True,PEN,True,False,PEN,True,False,True
2001,0,PEN,PEN,True,True,PEN,True,False,PEN,True,False,True
2002,0,PEN,PEN,True,True,PEN,True,False,PEN,True,False,True
2003,0,PEN,PEN,True,True,PEN,True,False,PEN,True,False,True
2004,0,PEN,PEN,True,True,PEN,True,False,PEN,True,False,True
2005,0,PEN,PEN,True,True,PEN,True,False,PEN,True,False,True
2006,0,PEN,PEN,True,True,PEN,True,False,PEN,True,False,True
2007,0,PEN,PEN,True,True,PEN,True,False,PEN,True,False,True
2008,0,PEN,PEN,True,True,PEN,True,False,PEN,True,False,True
2009,0,PEN,PEN,True,True,PEN,True,False,PEN,True,False,True
2010,0,PEN,PEN,True,True,PEN,True,True,PEN,True,False,True
2011,0,PEN,PEN,True,True,PEN,True,False,PEN,True,False,True
2012,0,PEN,PEN,True,True,PEN,True,False,PEN,True,False,True
2013,0,PEN,PEN,True,True,PEN,True,False,PEN,True,False,True
2014,0,PEN,PEN,True,True,PEN,True,False,PEN,True,False,True
2015,0,PEN,PEN,True,True,PEN,True,False,PEN,True,False,True
2016,0,PEN,PEN,True,True,PEN,True,False,PEN,True,False,True
2017,0,PEN,PEN,True,True,PEN,True,False,PEN,True,False,True
2018,0,PEN,PEN,True,True,PEN,True,False,PEN,True,False,True
2019,0,PEN,PEN,True,True,PEN,True,False,PEN,True,False,True
2020,0,PEN,PEN,True,True,PEN,True,False,PEN,True,False,True
2021,0,PEN,PEN,True,True,PEN,True,False,PEN,True,False,True
2022,0,PEN,PEN,True,True,PEN,True,False,PEN,True,False,True
2023,0,PEN,PEN,True,True,PEN,True,False,PEN,True,False,True
2024,0,PEN,PEN,True,True,PEN,True,False,PEN,True,False,True
2025,0,PEN,PEN,True,True,PEN,True,False,PEN,True,False,True
2026,0,PEN,PEN,True,True,PEN,True,False,PEN,True,False,True
2027,0,PEN,PEN,True,True,PEN,True,False,PEN,True,False,True
2028,0,PEN,PEN,True,True,PEN,True,False,PEN,True,False,True
2029,0,PEN,PEN,True,True,PEN,True,False,PEN,True,False,True
2030,0,PEN,PEN,True,True,PEN,True,False,PEN,True,False,True
2031,0,PEN,PEN,True,True,PEN,True,False,PEN,True,False,True
2032,0,PEN,PEN,True,True,PEN,True,False,PEN,True,False,True
2033,0,PEN,PEN,True,True,PEN,True,False,PEN,True,False,True
2034,0,PEN,PEN,True,True,PEN,True,False,PEN,True,False,True
2035,0,PEN,PEN,True,True,PEN,True,False,PEN,True,False,True
2036,0,PEN,PEN,True,True,PEN,True,False,PEN,True,False,True
2037,0,PEN,PEN,True,True,PEN,True,False,PEN,True,False,True
2038,0,PEN,PEN,True,True,PEN,True,False,PEN,True,False,True
2039,0,PEN,PEN,True,True,PEN,True,False,PEN,True,False,True
2040,0,PEN,PEN,True,True,PEN,True,True,PEN,True,False,True
2041,0,PEN,PEN,True,True,PEN,True,False,PEN,True,False,True
2042,0,PEN,PEN,True,True,PEN,True,False,PEN,True,False,True
2043,0,PEN,PEN,True,True,PEN,True,False,PEN,True,False,True
2044,0,PEN,PEN,True,True,PEN,True,False,PEN,True,False,True
2045,0,PEN,PEN,True,True,PEN,True,False,PEN,True,False,True
2046,0,PEN,PEN,True,True,PEN,True,False,PEN,True,False,True
2047,0,PEN,PEN,True,True,PEN,True,False,PEN,True,False,True
2048,0,PEN,PEN,True,True,PEN,True,False,PEN,True,False,True
2049,0,PEN,PEN,True,True,PEN,True,False,PEN,True,False,True
2050,0,PEN,PEN,True,True,PEN,True,False,PEN,True,False,True
2051,0,PEN,PEN,True,True,PEN,True,False,PEN,True,False,True
2052,0,PEN,PEN,True,True,PEN,True,False,PEN,True,False,True
2053,0,PEN,PEN,True,True,PEN,True,False,PEN,True,False,True
2054,0,PEN,PEN,True,True,PEN,True,False,PEN,True,False,True
2055,0,PEN,PEN,True,True,PEN,True,False,PEN,True,False,True
2056,0,PEN,PEN,True,True,PEN,True,False,PEN,True,False,True
2057,0,PEN,PEN,True,True,PEN,True,False,PEN,True,False,True
2058,0,PEN,PEN,True,True,PEN,True,False,PEN,True,False,True
2059,0,PEN,PEN,True,True,PEN,True,False,PEN,True,False,True
2060,0,PEN,PEN,True,True,PEN,True,False,PEN,True,False,True
2061,0,PEN,PEN,True,True,PEN,True,False,PEN,True,False,True
2062,0,PEN,PEN,True,True,PEN,True,False,PEN,True,False,True
2063,0,PEN,PEN,True,True,PEN,True,False,PEN,True,False,True
2064,0,PEN,PEN,True,True,PEN,True,False,PEN,True,False,True
2065,0,PEN,PEN,True,True,PEN,True,False,PEN,True,False,True
2066,0,PEN,PEN,True,True,PEN,True,False,PEN,True,False,True
2067,0,PEN,PEN,True,True,PEN,True,False,PEN,True,False,True
2068,0,PEN,PEN,True,True,PEN,True,False,PEN,True,False,True
2069,0,PEN,PEN,True,True,PEN,True,False,PEN,True,False,True
2070,0,PEN,PEN,True,True,PEN,True,True,PEN,True,False,True
2071,0,PEN,PEN,True,True,PEN,True,False,PEN,True,False,True
2072,0,PEN,PEN,True,True,PEN,True,False,PEN,True,False,True
2073,0,PEN,PEN,True,True,PEN,True,False,PEN,True,False,True
2074,0,PEN,PEN,True,True,PEN,True,False,PEN,True,False,True
2075,0,PEN,PEN,True,True,PEN,True,False,PEN,True,False,True
2076,0,PEN,PEN,True,True,PEN,True,False,PEN,True,False,True
2077,0,PEN,PEN,True,True,PEN,True,False,PEN,True,False,True
2078,0,PEN,PEN,True,True,PEN,True,False,PEN,True,False,True
2079,0,PEN,PEN,True,True,PEN,True,False,PEN,True,False,True
2080,0,PEN,PEN,True,True,PEN,True,False,PEN,True,False,True
2081,0,PEN,PEN,True,True,PEN,True,False,PEN,True,False,True
2082,0,PEN,PEN,True,True,PEN,True,False,PEN,True,False,True
2083,0,PEN,PEN,True,True,PEN,True,False,PEN,True,False,True
2084,0,PEN,PEN,True,True,PEN,True,False,PEN,True,False,True
2085,0,PEN,PEN,True,True,PEN,True,False,PEN,True,False,True
2086,0,PEN,PEN,True,True,PEN,True,False,PEN,True,False,True
2087,0,PEN,PEN,True,True,PEN,True,False,PEN,True,False,True
2088,0,PEN,PEN,True,True,PEN,True,False,PEN,True,False,True
2089,0,PEN,PEN,True,True,PEN,True,False,PEN,True,False,True
2090,0,PEN,PEN,True,True,PEN,True,False,PEN,True,False,True
2091,0,PEN,PEN,True,True,PEN,True,False,PEN,True,False,True
2092,0,PEN,PEN,True,True,PEN,True,False,PEN,True,False,True
2093,0,PEN,PEN,True,True,PEN,True,False,PEN,True,False,True
2094,0,PEN,PEN,True,True,PEN,True,False,PEN,True,False,True
2095,0,PEN,PEN,True,True,PEN,True,False,PEN,True,False,True
2096,0,PEN,PEN,True,True,PEN,True,False,PEN,True,False,True
2097,0,PEN,PEN,True,True,PEN,True,False,PEN,True,False,True
2098,0,PEN,PEN,True,True,PEN,True,False,PEN,True,False,True
2099,0,PEN,PEN,True,True,PEN,True,False,PEN,True,False,True
2100,0,PEN,PEN,True,True,PEN,True,True,PEN,True,False,True
2101,0,PEN,PEN,True,True,PEN,True,False,PEN,True,False,True
2102,0,PEN,PEN,True,True,PEN,True,False,PEN,True,False,True
2103,0,PEN,PEN,True,True,PEN,True,False,PEN,True,False,True
2104,0,PEN,PEN,True,True,PEN,True,False,PEN,True,False,True
2105,0,PEN,PEN,True,True,PEN,True,False,PEN,True,False,True
2106,0,PEN,PEN,True,True,PEN,True,False,PEN,True,False,True
2107,0,PEN,PEN,True,True,PEN,True,False,PEN,True,False,True
2108,0,PEN,PEN,True,True,PEN,True,False,PEN,True,False,True
2109,0,PEN,PEN,True,True,PEN,True,False,PEN,True,False,True
2110,0,PEN,PEN,True,True,PEN,True,False,PEN,True,False,True
2111,0,PEN,PEN,True,True,PEN,True,False,PEN,True,False,True
2112,0,PEN,PEN,True,True,PEN,True,False,PEN,True,False,True
2113,0,PEN,PEN,True,True,PEN,True,False,PEN,True,False,True
2114,0,PEN,PEN,True,True,PEN,True,False,PEN,True,False,True
2115,0,PEN,PEN,True,True,PEN,True,False,PEN,True,False,True
2116,0,PEN,PEN,True,True,PEN,True,False,PEN,True,False,True
2117,0,PEN,PEN,True,True,PEN,True,False,PEN,True,False,True
2118,0,PEN,PEN,True,True,PEN,True,False,PEN,True,False,True
2119,0,PEN,PEN,True,True,PEN,True,False,PEN,True,False,True
2120,0,PEN,PEN,True,True,PEN,True,False,PEN,True,False,True
2121,0,PEN,PEN,True,True,PEN,True,False,PEN,True,False,True
2122,0,PEN,PEN,True,True,PEN,True,False,PEN,True,False,True
2123,0,PEN,PEN,True,True,PEN,True,False,PEN,True,False,True
2124,0,PEN,PEN,True,True,PEN,True,False,PEN,True,False,True
2125,0,PEN,PEN,True,True,PEN,True,False,PEN,True,False,True
2126,0,PEN,PEN,True,True,PEN,True,False,PEN,True,False,True
2127,0,PEN,PEN,True,True,PEN,True,False,PEN,True,False,True
2128,0,PEN,PEN,True,True,PEN,True,False,PEN,True,False,True
2129,0,PEN,PEN,True,True,PEN,True,False,PEN,True,False,True
2130,0,PEN,PEN,True,True,PEN,True,True,PEN,True,False,True
2131,0,PEN,PEN,True,True,PEN,True,False,PEN,True,False,True
2132,0,PEN,PEN,True,True,PEN,True,False,PEN,True,False,True
2133,0,PEN,PEN,True,True,PEN,True,False,PEN,True,False,True
2134,0,PEN,PEN,True,True,PEN,True,False,PEN,True,False,True
2135,0,PEN,PEN,True,True,PEN,True,False,PEN,True,False,True
2136,0,PEN,PEN,True,True,PEN,True,False,PEN,True,False,True
2137,0,PEN,PEN,True,True,PEN,True,False,PEN,True,False,True
2138,0,PEN,PEN,True,True,PEN,True,False,PEN,True,False,True
2139,0,PEN,PEN,True,True,PEN,True,False,PEN,True,False,True
2140,0,PEN,PEN,True,True,PEN,True,False,PEN,True,False,True
2141,0,PEN,PEN,True,True,PEN,True,False,PEN,True,False,True
2142,0,PEN,PEN,True,True,PEN,True,False,PEN,True,False,True
2143,0,PEN,PEN,True,True,PEN,True,False,PEN,True,False,True
2144,0,PEN,PEN,True,True,PEN,True,False,PEN,True,False,True
2145,0,PEN,PEN,True,True,PEN,True,False,PEN,True,False,True
2146,0,PEN,PEN,True,True,PEN,True,False,PEN,True,False,True
2147,0,PEN,PEN,True,True,PEN,True,False,PEN,True,False,True
2148,0,PEN,PEN,True,True,PEN,True,False,PEN,True,False,True
2149,0,PEN,PEN,True,True,PEN,True,False,PEN,True,False,True
2150,0,PEN,PEN,True,True,PEN,True,False,PEN,True,False,True
2151,0,PEN,PEN,True,True,PEN,True,False,PEN,True,False,True
2152,0,PEN,PEN,True,True,PEN,True,False,PEN,True,False,True
2153,0,PEN,PEN,True,True,PEN,True,False,PEN,True,False,True
2154,0,PEN,PEN,True,True,PEN,True,False,PEN,True,False,True
2155,0,PEN,PEN,True,True,PEN,True,False,PEN,True,False,True
2156,0,PEN,PEN,True,True,PEN,True,False,PEN,True,False,True
2157,0,PEN,PEN,True,True,PEN,True,False,PEN,True,False,True
2158,0,PEN,PEN,True,True,PEN,True,False,PEN,True,False,True
2159,0,PEN,PEN,True,True,PEN,True,False,PEN,True,False,True
2160,0,PEN,PEN,True,True,PEN,True,True,PEN,True,False,True
2161,0,PEN,PEN,True,True,PEN,True,False,PEN,True,False,True
2162,0,PEN,PEN,True,True,PEN,True,False,PEN,True,False,True
2163,0,PEN,PEN,True,True,PEN,True,False,PEN,True,False,True
2164,0,PEN,PEN,True,True,PEN,True,False,PEN,True,False,True
2165,0,PEN,PEN,True,True,PEN,True,False,PEN,True,False,True
2166,0,PEN,PEN,True,True,PEN,True,False,PEN,True,False,True
2167,0,PEN,PEN,True,True,PEN,True,False,PEN,True,False,True
2168,0,PEN,PEN,True,True,PEN,True,False,PEN,True,False,True
2169,0,PEN,PEN,True,True,PEN,True,False,PEN,True,False,True
2170,0,PEN,PEN,True,True,PEN,True,False,PEN,True,False,True
2171,0,PEN,PEN,True,True,PEN,True,False,PEN,True,False,True
2172,0,PEN,PEN,True,True,PEN,True,False,PEN,True,False,True
2173,0,PEN,PEN,True,True,PEN,True,False,PEN,True,False,True
2174,0,PEN,PEN,True,True,PEN,True,False,PEN,True,False,True
2175,0,PEN,PEN,True,True,PEN,True,False,PEN,True,False,True
2176,0,PEN,PEN,True,True,PEN,True,False,PEN,True,False,True
2177,0,PEN,PEN,True,True,PEN,True,False,PEN,True,False,True
2178,0,PEN,PEN,True,True,PEN,True,False,PEN,True,False,True
2179,0,PEN,PEN,True,True,PEN,True,False,PEN,True,False,True
2180,0,PEN,PEN,True,True,PEN,True,False,PEN,True,False,True
2181,0,PEN,PEN,True,True,PEN,True,False,PEN,True,False,True
2182,0,PEN,PEN,True,True,PEN,True,False,PEN,True,False,True
2183,0,PEN,PEN,True,True,PEN,True,False,PEN,True,False,True
2184,0,PEN,PEN,True,True,PEN,True,False,PEN,True,False,True
2185,0,PEN,PEN,True,True,PEN,True,False,PEN,True,False,True
2186,0,PEN,PEN,True,True,PEN,True,False,PEN,True,False,True
2187,0,PEN,PEN,True,True,PEN,True,False,PEN,True,False,True
2188,0,PEN,PEN,True,True,PEN,True,False,PEN,True,False,True
2189,0,PEN,PEN,True,True,PEN,True,False,PEN,True,False,True
2190,0,PEN,PEN,True,True,PEN,True,True,PEN,True,False,True
2191,0,PEN,PEN,True,True,PEN,True,False,PEN,True,False,True
2192,0,PEN,PEN,True,True,PEN,True,False,PEN,True,False,True
2193,0,PEN,PEN,True,True,PEN,True,False,PEN,True,False,True
2194,0,PEN,PEN,True,True,PEN,True,False,PEN,True,False,True
2195,0,PEN,PEN,True,True,PEN,True,False,PEN,True,False,True
2196,0,PEN,PEN,True,True,PEN,True,False,PEN,True,False,True
2197,0,PEN,PEN,True,True,PEN,True,False,PEN,True,False,True
2198,0,PEN,PEN,True,True,PEN,True,False,PEN,True,False,True
2199,0,PEN,PEN,True,True,PEN,True,False,PEN,True,False,True
2200,0,PEN,PEN,True,True,PEN,True,False,PEN,True,False,True
2201,0,PEN,PEN,True,True,PEN,True,False,PEN,True,False,True
2202,0,PEN,PEN,True,True,PEN,True,False,PEN,True,False,True
2203,0,PEN,PEN,True,True,PEN,True,False,PEN,True,False,True
2204,0,PEN,PEN,True,True,PEN,True,False,PEN,True,False,True
2205,0,PEN,PEN,True,True,PEN,True,False,PEN,True,False,True
2206,0,PEN,PEN,True,True,PEN,True,False,PEN,True,False,True
2207,0,PEN,PEN,True,True,PEN,True,False,PEN,True,False,True
2208,0,PEN,PEN,True,True,PEN,True,False,PEN,True,False,True
2209,0,PEN,PEN,True,True,PEN,True,False,PEN,True,False,True
2210,0,PEN,PEN,True,True,PEN,True,False,PEN,True,False,True
2211,0,PEN,PEN,True,True,PEN,True,False,PEN,True,False,True
2212,0,PEN,PEN,True,True,PEN,True,False,PEN,True,False,True
2213,0,PEN,PEN,True,True,PEN,True,False,PEN,True,False,True
2214,0,PEN,PEN,True,True,PEN,True,False,PEN,True,False,True
2215,0,PEN,PEN,True,True,PEN,True,False,PEN,True,False,True
2216,0,PEN,PEN,True,True,PEN,True,False,PEN,True,False,True
2217,0,PEN,PEN,True,True,PEN,True,False,PEN,True,False,True
2218,0,PEN,PEN,True,True,PEN,True,False,PEN,True,False,True
2219,0,PEN,PEN,True,True,PEN,True,False,PEN,True,False,True
2220,0,PEN,PEN,True,True,PEN,True,True,PEN,True,False,True
2221,0,PEN,PEN,True,True,PEN,True,False,PEN,True,False,True
2222,0,PEN,PEN,True,True,PEN,True,False,PEN,True,False,True
2223,0,PEN,PEN,True,True,PEN,True,False,PEN,True,False,True
2224,0,PEN,PEN,True,True,PEN,True,False,PEN,True,False,True
2225,0,PEN,PEN,True,True,PEN,True,False,PEN,True,False,True
2226,0,PEN,PEN,True,True,PEN,True,False,PEN,True,False,True
2227,0,PEN,PEN,True,True,PEN,True,False,PEN,True,False,True
2228,0,PEN,PEN,True,True,PEN,True,False,PEN,True,False,True
2229,0,PEN,PEN,True,True,PEN,True,False,PEN,True,False,True
2230,0,PEN,PEN,True,True,PEN,True,False,PEN,True,False,True
2231,0,PEN,PEN,True,True,PEN,True,False,PEN,True,False,True
2232,0,PEN,PEN,True,True,PEN,True,False,PEN,True,False,True
2233,0,PEN,PEN,True,True,PEN,True,False,PEN,True,False,True
2234,0,PEN,PEN,True,True,PEN,True,False,PEN,True,False,True
2235,0,PEN,PEN,True,True,PEN,True,False,PEN,True,False,True
2236,0,PEN,PEN,True,True,PEN,True,False,PEN,True,False,True
2237,0,PEN,PEN,True,True,PEN,True,False,PEN,True,False,True
2238,0,PEN,PEN,True,True,PEN,True,False,PEN,True,False,True
2239,0,PEN,PEN,True,True,PEN,True,False,PEN,True,False,True
2240,0,PEN,PEN,True,True,PEN,True,False,PEN,True,False,True
2241,0,PEN,PEN,True,True,PEN,True,False,PEN,True,False,True
2242,0,PEN,PEN,True,True,PEN,True,False,PEN,True,False,True
2243,0,PEN,PEN,True,True,PEN,True,False,PEN,True,False,True
2244,0,PEN,PEN,True,True,PEN,True,False,PEN,True,False,True
2245,0,PEN,PEN,True,True,PEN,True,False,PEN,True,False,True
2246,0,PEN,PEN,True,True,PEN,True,False,PEN,True,False,True
2247,0,PEN,PEN,True,True,PEN,True,False,PEN,True,False,True
2248,0,PEN,PEN,True,True,PEN,True,False,PEN,True,False,True
2249,0,PEN,PEN,True,True,PEN,True,False,PEN,True,False,True
2250,0,PEN,PEN,True,True,PEN,True,True,PEN,True,False,True
2251,0,PEN,PEN,True,True,PEN,True,False,PEN,True,False,True
2252,0,PEN,PEN,True,True,PEN,True,False,PEN,True,False,True
2253,0,PEN,PEN,True,True,PEN,True,False,PEN,True,False,True
2254,0,PEN,PEN,True,True,PEN,True,False,PEN,True,False,True
2255,0,PEN,PEN,True,True,PEN,True,False,PEN,True,False,True
2256,0,PEN,PEN,True,True,PEN,True,False,PEN,True,False,True
2257,0,PEN,PEN,True,True,PEN,True,False,PEN,True,False,True
2258,0,PEN,PEN,True,True,PEN,True,False,PEN,True,False,True
2259,0,PEN,PEN,True,True,PEN,True,False,PEN,True,False,True
2260,0,PEN,PEN,True,True,PEN,True,False,PEN,True,False,True
2261,0,PEN,PEN,True,True,PEN,True,False,PEN,True,False,True
2262,0,PEN,PEN,True,True,PEN,True,False,PEN,True,False,True
2263,0,PEN,PEN,True,True,PEN,True,False,PEN,True,False,True
2264,0,PEN,PEN,True,True,PEN,True,False,PEN,True,False,True
2265,0,PEN,PEN,True,True,PEN,True,False,PEN,True,False,True
2266,0,PEN,PEN,True,True,PEN,True,False,PEN,True,False,True
2267,0,PEN,PEN,True,True,PEN,True,False,PEN,True,False,True
2268,0,PEN,PEN,True,True,PEN,True,False,PEN,True,False,True
2269,0,PEN,PEN,True,True,PEN,True,False,PEN,True,False,True
2270,0,PEN,PEN,True,True,PEN,True,False,PEN,True,False,True
2271,0,PEN,PEN,True,True,PEN,True,False,PEN,True,False,True
2272,0,PEN,PEN,True,True,PEN,True,False,PEN,True,False,True
2273,0,PEN,PEN,True,True,PEN,True,False,PEN,True,False,True
2274,0,PEN,PEN,True,True,PEN,True,False,PEN,True,False,True
2275,0,PEN,PEN,True,True,PEN,True,False,PEN,True,False,True
2276,0,PEN,PEN,True,True,PEN,True,False,PEN,True,False,True
2277,0,PEN,PEN,True,True,PEN,True,False,PEN,True,False,True
2278,0,PEN,PEN,True,True,PEN,True,False,PEN,True,False,True
2279,0,PEN,PEN,True,True,PEN,True,False,PEN,True,False,True
2280,0,PEN,PEN,True,True,PEN,True,True,PEN,True,False,True
2281,0,PEN,PEN,True,True,PEN,True,False,PEN,True,False,True
2282,0,PEN,PEN,True,True,PEN,True,False,PEN,True,False,True
2283,0,PEN,PEN,True,True,PEN,True,False,PEN,True,False,True
2284,0,PEN,PEN,True,True,PEN,True,False,PEN,True,False,True
2285,0,PEN,PEN,True,True,PEN,True,False,PEN,True,False,True
2286,0,PEN,PEN,True,True,PEN,True,False,PEN,True,False,True
2287,0,PEN,PEN,True,True,PEN,True,False,PEN,True,False,True
2288,0,PEN,PEN,True,True,PEN,True,False,PEN,True,False,True
2289,0,PEN,PEN,True,True,PEN,True,False,PEN,True,False,True
2290,0,PEN,PEN,True,True,PEN,True,False,PEN,True,False,True
2291,0,PEN,PEN,True,True,PEN,True,False,PEN,True,False,True
2292,0,PEN,PEN,True,True,PEN,True,False,PEN,True,False,True
2293,0,PEN,PEN,True,True,PEN,True,False,PEN,True,False,True
2294,0,PEN,PEN,True,True,PEN,True,False,PEN,True,False,True
2295,0,PEN,PEN,True,True,PEN,True,False,PEN,True,False,True
2296,0,PEN,PEN,True,True,PEN,True,False,PEN,True,False,True
2297,0,PEN,PEN,True,True,PEN,True,False,PEN,True,False,True
2298,0,PEN,PEN,True,True,PEN,True,False,PEN,True,False,True
2299,0,PEN,PEN,True,True,PEN,True,False,PEN,True,False,True
2300,0,PEN,PEN,True,True,PEN,True,False,PEN,True,False,True
2301,0,PEN,PEN,True,True,PEN,True,False,PEN,True,False,True
2302,0,PEN,PEN,True,True,PEN,True,False,PEN,True,False,True
2303,0,PEN,PEN,True,True,PEN,True,False,PEN,True,False,True
2304,0,PEN,PEN,True,True,PEN,True,False,PEN,True,False,True
2305,0,PEN,PEN,True,True,PEN,True,False,PEN,True,False,True
2306,0,PEN,PEN,True,True,PEN,True,False,PEN,True,False,True
2307,0,PEN,PEN,True,True,PEN,True,False,PEN,True,False,True
2308,0,PEN,PEN,True,True,PEN,True,False,PEN,True,False,True
2309,0,PEN,PEN,True,True,PEN,True,False,PEN,True,False,True
2310,0,PEN,PEN,True,True,PEN,True,True,PEN,True,False,True
2311,0,PEN,PEN,True,True,PEN,True,False,PEN,True,False,True
2312,0,PEN,PEN,True,True,PEN,True,False,PEN,True,False,True
2313,0,PEN,PEN,True,True,PEN,True,False,PEN,True,False,True
2314,0,PEN,PEN,True,True,PEN,True,False,PEN,True,False,True
2315,0,PEN,PEN,True,True,PEN,True,False,PEN,True,False,True
2316,0,PEN,PEN,True,True,PEN,True,False,PEN,True,False,True
2317,0,PEN,PEN,True,True,PEN,True,False,PEN,True,False,True
2318,0,PEN,PEN,True,True,PEN,True,False,PEN,True,False,True
2319,0,PEN,PEN,True,True,PEN,True,False,PEN,True,False,True
2320,0,PEN,PEN,True,True,PEN,True,False,PEN,True,False,True
2321,0,PEN,PEN,True,True,PEN,True,False,PEN,True,False,True
2322,0,PEN,PEN,True,True,PEN,True,False,PEN,True,False,True
2323,0,PEN,PEN,True,True,PEN,True,False,PEN,True,False,True
2324,0,PEN,PEN,True,True,PEN,True,False,PEN,True,False,True
2325,0,PEN,PEN,True,True,PEN,True,False,PEN,True,False,True
2326,0,PEN,PEN,True,True,PEN,True,False,PEN,True,False,True
2327,0,PEN,PEN,True,True,PEN,True,False,PEN,True,False,True
2328,0,PEN,PEN,True,True,PEN,True,False,PEN,True,False,True
2329,0,PEN,PEN,True,True,PEN,True,False,PEN,True,False,True
2330,0,PEN,PEN,True,True,PEN,True,False,PEN,True,False,True
2331,0,PEN,PEN,True,True,PEN,True,False,PEN,True,False,True
2332,0,PEN,PEN,True,True,PEN,True,False,PEN,True,False,True
2333,0,PEN,PEN,True,True,PEN,True,False,PEN,True,False,True
2334,0,PEN,PEN,True,True,PEN,True,False,PEN,True,False,True
2335,0,PEN,PEN,True,True,PEN,True,False,PEN,True,False,True
2336,0,PEN,PEN,True,True,PEN,True,False,PEN,True,False,True
2337,0,PEN,PEN,True,True,PEN,True,False,PEN,True,False,True
2338,0,PEN,PEN,True,True,PEN,True,False,PEN,True,False,True
2339,0,PEN,PEN,True,True,PEN,True,False,PEN,True,False,True
2340,0,PEN,PEN,True,True,PEN,True,True,PEN,True,False,True
2341,0,PEN,PEN,True,True,PEN,True,False,PEN,True,False,True
2342,0,PEN,PEN,True,True,PEN,True,False,PEN,True,False,True
2343,0,PEN,PEN,True,True,PEN,True,False,PEN,True,False,True
2344,0,PEN,PEN,True,True,PEN,True,False,PEN,True,False,True
2345,0,PEN,PEN,True,True,PEN,True,False,PEN,True,False,True
2346,0,PEN,PEN,True,True,PEN,True,False,PEN,True,False,True
2347,0,PEN,PEN,True,True,PEN,True,False,PEN,True,False,True
2348,0,PEN,PEN,True,True,PEN,True,False,PEN,True,False,True
2349,0,PEN,PEN,True,True,PEN,True,False,PEN,True,False,True
2350,0,PEN,PEN,True,True,PEN,True,False,PEN,True,False,True
2351,0,PEN,PEN,True,True,PEN,True,False,PEN,True,False,True
2352,0,PEN,PEN,True,True,PEN,True,False,PEN,True,False,True
2353,0,PEN,PEN,True,True,PEN,True,False,PEN,True,False,True
2354,0,PEN,PEN,True,True,PEN,True,False,PEN,True,False,True
2355,0,PEN,PEN,True,True,PEN,True,False,PEN,True,False,True
2356,0,PEN,PEN,True,True,PEN,True,False,PEN,True,False,True
2357,0,PEN,PEN,True,True,PEN,True,False,PEN,True,False,True
2358,0,PEN,PEN,True,True,PEN,True,False,PEN,True,False,True
2359,0,PEN,PEN,True,True,PEN,True,False,PEN,True,False,True
2360,0,PEN,PEN,True,True,PEN,True,False,PEN,True,False,True
2361,0,PEN,PEN,True,True,PEN,True,False,PEN,True,False,True
2362,0,PEN,PEN,True,True,PEN,True,False,PEN,True,False,True
2363,0,PEN,PEN,True,True,PEN,True,False,PEN,True,False,True
2364,0,PEN,PEN,True,True,PEN,True,False,PEN,True,False,True
2365,0,PEN,PEN,True,True,PEN,True,False,PEN,True,False,True
2366,0,PEN,PEN,True,True,PEN,True,False,PEN,True,False,True
2367,0,PEN,PEN,True,True,PEN,True,False,PEN,True,False,True
2368,0,PEN,PEN,True,True,PEN,True,False,PEN,True,False,True
2369,0,PEN,PEN,True,True,PEN,True,False,PEN,True,False,True
2370,0,PEN,PEN,True,True,PEN,True,True,PEN,True,False,True
2371,0,PEN,PEN,True,True,PEN,True,False,PEN,True,False,True
2372,0,PEN,PEN,True,True,PEN,True,False,PEN,True,False,True
2373,0,PEN,PEN,True,True,PEN,True,False,PEN,True,False,True
2374,0,PEN,PEN,True,True,PEN,True,False,PEN,True,False,True
2375,0,PEN,PEN,True,True,PEN,True,False,PEN,True,False,True
2376,0,PEN,PEN,True,True,PEN,True,False,PEN,True,False,True
2377,0,PEN,PEN,True,True,PEN,True,False,PEN,True,False,True
2378,0,PEN,PEN,True,True,PEN,True,False,PEN,True,False,True
2379,0,PEN,PEN,True,True,PEN,True,False,PEN,True,False,True
2380,0,PEN,PEN,True,True,PEN,True,False,PEN,True,False,True
2381,0,PEN,PEN,True,True,PEN,True,False,PEN,True,False,True
2382,0,PEN,PEN,True,True,PEN,True,False,PEN,True,False,True
2383,0,PEN,PEN,True,True,PEN,True,False,PEN,True,False,True
2384,0,PEN,PEN,True,True,PEN,True,False,PEN,True,False,True
2385,0,PEN,PEN,True,True,PEN,True,False,PEN,True,False,True
2386,0,PEN,PEN,True,True,PEN,True,False,PEN,True,False,True
2387,0,PEN,PEN,True,True,PEN,True,False,PEN,True,False,True
2388,0,PEN,PEN,True,True,PEN,True,False,PEN,True,False,True
2389,0,PEN,PEN,True,True,PEN,True,False,PEN,True,False,True
2390,0,PEN,PEN,True,True,PEN,True,False,PEN,True,False,True
2391,0,PEN,PEN,True,True,PEN,True,False,PEN,True,False,True
2392,0,PEN,PEN,True,True,PEN,True,False,PEN,True,False,True
2393,0,PEN,PEN,True,True,PEN,True,False,PEN,True,False,True
2394,0,PEN,PEN,True,True,PEN,True,False,PEN,True,False,True
2395,0,PEN,PEN,True,True,PEN,True,False,PEN,True,False,True
2396,0,PEN,PEN,True,True,PEN,True,False,PEN,True,False,True
2397,0,PEN,PEN,True,True,PEN,True,False,PEN,True,False,True
2398,0,PEN,PEN,True,True,PEN,True,False,PEN,True,False,True
2399,0,PEN,PEN,True,True,PEN,True,False,PEN,True,False,True
2400,0,PEN,PEN,True,True,PEN,True,True,PEN,True,False,True
2401,0,PEN,PEN,True,True,PEN,True,False,PEN,True,False,True
2402,0,PEN,PEN,True,True,PEN,True,False,PEN,True,False,True
2403,0,PEN,PEN,True,True,PEN,True,False,PEN,True,False,True
2404,0,PEN,PEN,True,True,PEN,True,False,PEN,True,False,True
2405,0,PEN,PEN,True,True,PEN,True,False,PEN,True,False,True
2406,0,PEN,PEN,True,True,PEN,True,False,PEN,True,False,True
2407,0,PEN,PEN,True,True,PEN,True,False,PEN,True,False,True
2408,0,PEN,PEN,True,True,PEN,True,False,PEN,True,False,True
2409,0,PEN,PEN,True,True,PEN,True,False,PEN,True,False,True
2410,0,PEN,PEN,True,True,PEN,True,False,PEN,True,False,True
2411,0,PEN,PEN,True,True,PEN,True,False,PEN,True,False,True
2412,0,PEN,PEN,True,True,PEN,True,False,PEN,True,False,True
2413,0,PEN,PEN,True,True,PEN,True,False,PEN,True,False,True
2414,0,PEN,PEN,True,True,PEN,True,False,PEN,True,False,True
2415,0,PEN,PEN,True,True,PEN,True,False,PEN,True,False,True
2416,0,PEN,PEN,True,True,PEN,True,False,PEN,True,False,True
2417,0,PEN,PEN,True,True,PEN,True,False,PEN,True,False,True
2418,0,PEN,PEN,True,True,PEN,True,False,PEN,True,False,True
2419,0,PEN,PEN,True,True,PEN,True,False,PEN,True,False,True
2420,0,PEN,PEN,True,True,PEN,True,False,PEN,True,False,True
2421,0,PEN,PEN,True,True,PEN,True,False,PEN,True,False,True
2422,0,PEN,PEN,True,True,PEN,True,False,PEN,True,False,True
2423,0,PEN,PEN,True,True,PEN,True,False,PEN,True,False,True
2424,0,PEN,PEN,True,True,PEN,True,False,PEN,True,False,True
2425,0,PEN,PEN,True,True,PEN,True,False,PEN,True,False,True
2426,0,PEN,PEN,True,True,PEN,True,False,PEN,True,False,True
2427,0,PEN,PEN,True,True,PEN,True,False,PEN,True,False,True
2428,0,PEN,PEN,True,True,PEN,True,False,PEN,True,False,True
2429,0,PEN,PEN,True,True,PEN,True,False,PEN,True,False,True
2430,0,PEN,PEN,True,True,PEN,True,True,PEN,True,False,True
2431,0,PEN,PEN,True,True,PEN,True,False,PEN,True,False,True
2432,0,PEN,PEN,True,True,PEN,True,False,PEN,True,False,True
2433,0,PEN,PEN,True,True,PEN,True,False,PEN,True,False,True
2434,0,PEN,PEN,True,True,PEN,True,False,PEN,True,False,True
2435,0,PEN,PEN,True,True,PEN,True,False,PEN,True,False,True
2436,0,PEN,PEN,True,True,PEN,True,False,PEN,True,False,True
2437,0,PEN,PEN,True,True,PEN,True,False,PEN,True,False,True
2438,0,PEN,PEN,True,True,PEN,True,False,PEN,True,False,True
2439,0,PEN,PEN,True,True,PEN,True,False,PEN,True,False,True
2440,0,PEN,PEN,True,True,PEN,True,False,PEN,True,False,True
2441,0,PEN,PEN,True,True,PEN,True,False,PEN,True,False,True
2442,0,PEN,PEN,True,True,PEN,True,False,PEN,True,False,True
2443,0,PEN,PEN,True,True,PEN,True,False,PEN,True,False,True
2444,0,PEN,PEN,True,True,PEN,True,False,PEN,True,False,True
2445,0,PEN,PEN,True,True,PEN,True,False,PEN,True,False,True
2446,0,PEN,PEN,True,True,PEN,True,False,PEN,True,False,True
2447,0,PEN,PEN,True,True,PEN,True,False,PEN,True,False,True
2448,0,PEN,PEN,True,True,PEN,True,False,PEN,True,False,True
2449,0,PEN,PEN,True,True,PEN,True,False,PEN,True,False,True
2450,0,PEN,PEN,True,True,PEN,True,False,PEN,True,False,True
2451,0,PEN,PEN,True,True,PEN,True,False,PEN,True,False,True
2452,0,PEN,PEN,True,True,PEN,True,False,PEN,True,False,True
2453,0,PEN,PEN,True,True,PEN,True,False,PEN,True,False,True
2454,0,PEN,PEN,True,True,PEN,True,False,PEN,True,False,True
2455,0,PEN,PEN,True,True,PEN,True,False,PEN,True,False,True
2456,0,PEN,PEN,True,True,PEN,True,False,PEN,True,False,True
2457,0,PEN,PEN,True,True,PEN,True,False,PEN,True,False,True
2458,0,PEN,PEN,True,True,PEN,True,False,PEN,True,False,True
2459,0,PEN,PEN,True,True,PEN,True,False,PEN,True,False,True
2460,0,PEN,PEN,True,True,PEN,True,True,PEN,True,False,True
2461,0,PEN,PEN,True,True,PEN,True,False,PEN,True,False,True
2462,0,PEN,PEN,True,True,PEN,True,False,PEN,True,False,True
2463,0,PEN,PEN,True,True,PEN,True,False,PEN,True,False,True
2464,0,PEN,PEN,True,True,PEN,True,False,PEN,True,False,True
2465,0,PEN,PEN,True,True,PEN,True,False,PEN,True,False,True
2466,0,PEN,PEN,True,True,PEN,True,False,PEN,True,False,True
2467,0,PEN,PEN,True,True,PEN,True,False,PEN,True,False,True
2468,0,PEN,PEN,True,True,PEN,True,False,PEN,True,False,True
2469,0,PEN,PEN,True,True,PEN,True,False,PEN,True,False,True
2470,0,PEN,PEN,True,True,PEN,True,False,PEN,True,False,True
2471,0,PEN,PEN,True,True,PEN,True,False,PEN,True,False,True
2472,0,PEN,PEN,True,True,PEN,True,False,PEN,True,False,True
2473,0,PEN,PEN,True,True,PEN,True,False,PEN,True,False,True
2474,0,PEN,PEN,True,True,PEN,True,False,PEN,True,False,True
2475,0,PEN,PEN,True,True,PEN,True,False,PEN,True,False,True
2476,0,PEN,PEN,True,True,PEN,True,False,PEN,True,False,True
2477,0,PEN,PEN,True,True,PEN,True,False,PEN,True,False,True
2478,0,PEN,PEN,True,True,PEN,True,False,PEN,True,False,True
2479,0,PEN,PEN,True,True,PEN,True,False,PEN,True,False,True
2480,0,PEN,PEN,True,True,PEN,True,False,PEN,True,False,True
2481,0,PEN,PEN,True,True,PEN,True,False,PEN,True,False,True
2482,0,PEN,PEN,True,True,PEN,True,False,PEN,True,False,True
2483,0,PEN,PEN,True,True,PEN,True,False,PEN,True,False,True
2484,0,PEN,PEN,True,True,PEN,True,False,PEN,True,False,True
2485,0,PEN,PEN,True,True,PEN,True,False,PEN,True,False,True
2486,0,PEN,PEN,True,True,PEN,True,False,PEN,True,False,True
2487,0,PEN,PEN,True,True,PEN,True,False,PEN,True,False,True
2488,0,PEN,PEN,True,True,PEN,True,False,PEN,True,False,True
2489,0,PEN,PEN,True,True,PEN,True,False,PEN,True,False,True
2490,0,PEN,PEN,True,True,PEN,True,True,PEN,True,False,True
2491,0,PEN,PEN,True,True,PEN,True,False,PEN,True,False,True
2492,0,PEN,PEN,True,True,PEN,True,False,PEN,True,False,True
2493,0,PEN,PEN,True,True,PEN,True,False,PEN,True,False,True
2494,0,PEN,PEN,True,True,PEN,True,False,PEN,True,False,True
2495,0,PEN,PEN,True,True,PEN,True,False,PEN,True,False,True
2496,0,PEN,PEN,True,True,PEN,True,False,PEN,True,False,True
2497,0,PEN,PEN,True,True,PEN,True,False,PEN,True,False,True
2498,0,PEN,PEN,True,True,PEN,True,False,PEN,True,False,True
2499,0,PEN,PEN,True,True,PEN,True,False,PEN,True,False,True
2500,0,PEN,PEN,True,True,PEN,True,False,PEN,True,False,True
2501,0,PEN,PEN,True,True,PEN,True,False,PEN,True,False,True
2502,0,PEN,PEN,True,True,PEN,True,False,PEN,True,False,True
2503,0,PEN,PEN,True,True,PEN,True,False,PEN,True,False,True
2504,0,PEN,PEN,True,True,PEN,True,False,PEN,True,False,True
2505,0,PEN,PEN,True,True,PEN,True,False,PEN,True,False,True
2506,0,PEN,PEN,True,True,PEN,True,False,PEN,True,False,True
2507,0,PEN,PEN,True,True,PEN,True,False,PEN,True,False,True
2508,0,PEN,PEN,True,True,PEN,True,False,PEN,True,False,True
2509,0,PEN,PEN,True,True,PEN,True,False,PEN,True,False,True
2510,0,PEN,PEN,True,True,PEN,True,False,PEN,True,False,True
2511,0,PEN,PEN,True,True,PEN,True,False,PEN,True,False,True
2512,0,PEN,PEN,True,True,PEN,True,False,PEN,True,False,True
2513,0,PEN,PEN,True,True,PEN,True,False,PEN,True,False,True
2514,0,PEN,PEN,True,True,PEN,True,False,PEN,True,False,True
2515,0,PEN,PEN,True,True,PEN,True,False,PEN,True,False,True
2516,0,PEN,PEN,True,True,PEN,True,False,PEN,True,False,True
2517,0,PEN,PEN,True,True,PEN,True,False,PEN,True,False,True
2518,0,PEN,PEN,True,True,PEN,True,False,PEN,True,False,True
2519,0,PEN,PEN,True,True,PEN,True,False,PEN,True,False,True
2520,0,PEN,PEN,True,True,PEN,True,True,PEN,True,False,True
2521,0,PEN,PEN,True,True,PEN,True,False,PEN,True,False,True
2522,0,PEN,PEN,True,True,PEN,True,False,PEN,True,False,True
2523,0,PEN,PEN,True,True,PEN,True,False,PEN,True,False,True
2524,0,PEN,PEN,True,True,PEN,True,False,PEN,True,False,True
2525,0,PEN,PEN,True,True,PEN,True,False,PEN,True,False,True
2526,0,PEN,PEN,True,True,PEN,True,False,PEN,True,False,True
2527,0,PEN,PEN,True,True,PEN,True,False,PEN,True,False,True
2528,0,PEN,PEN,True,True,PEN,True,False,PEN,True,False,True
2529,0,PEN,PEN,True,True,PEN,True,False,PEN,True,False,True
2530,0,PEN,PEN,True,True,PEN,True,False,PEN,True,False,True
2531,0,PEN,PEN,True,True,PEN,True,False,PEN,True,False,True
2532,0,PEN,PEN,True,True,PEN,True,False,PEN,True,False,True
2533,0,PEN,PEN,True,True,PEN,True,False,PEN,True,False,True
2534,0,PEN,PEN,True,True,PEN,True,False,PEN,True,False,True
2535,0,PEN,PEN,True,True,PEN,True,False,PEN,True,False,True
2536,0,PEN,PEN,True,True,PEN,True,False,PEN,True,False,True
2537,0,PEN,PEN,True,True,PEN,True,False,PEN,True,False,True
2538,0,PEN,PEN,True,True,PEN,True,False,PEN,True,False,True
2539,0,PEN,PEN,True,True,PEN,True,False,PEN,True,False,True
2540,0,PEN,PEN,True,True,PEN,True,False,PEN,True,False,True
2541,0,PEN,PEN,True,True,PEN,True,False,PEN,True,False,True
2542,0,PEN,PEN,True,True,PEN,True,False,PEN,True,False,True
2543,0,PEN,PEN,True,True,PEN,True,False,PEN,True,False,True
2544,0,PEN,PEN,True,True,PEN,True,False,PEN,True,False,True
2545,0,PEN,PEN,True,True,PEN,True,False,PEN,True,False,True
2546,0,PEN,PEN,True,True,PEN,True,False,PEN,True,False,True
2547,0,PEN,PEN,True,True,PEN,True,False,PEN,True,False,True
2548,0,PEN,PEN,True,True,PEN,True,False,PEN,True,False,True
2549,0,PEN,PEN,True,True,PEN,True,False,PEN,True,False,True
2550,0,PEN,PEN,True,True,PEN,True,True,PEN,True,False,True
2551,0,PEN,PEN,True,True,PEN,True,False,PEN,True,False,True
2552,0,PEN,PEN,True,True,PEN,True,False,PEN,True,False,True
2553,0,PEN,PEN,True,True,PEN,True,False,PEN,True,False,True
2554,0,PEN,PEN,True,True,PEN,True,False,PEN,True,False,True
2555,0,PEN,PEN,True,True,PEN,True,False,PEN,True,False,True
2556,0,PEN,PEN,True,True,PEN,True,False,PEN,True,False,True
2557,0,PEN,PEN,True,True,PEN,True,False,PEN,True,False,True
2558,0,PEN,PEN,True,True,PEN,True,False,PEN,True,False,True
2559,0,PEN,PEN,True,True,PEN,True,False,PEN,True,False,True
2560,0,PEN,PEN,True,True,PEN,True,False,PEN,True,False,True
2561,0,PEN,PEN,True,True,PEN,True,False,PEN,True,False,True
2562,0,PEN,PEN,True,True,PEN,True,False,PEN,True,False,True
2563,0,PEN,PEN,True,True,PEN,True,False,PEN,True,False,True
2564,0,PEN,PEN,True,True,PEN,True,False,PEN,True,False,True
2565,0,PEN,PEN,True,True,PEN,True,False,PEN,True,False,True
2566,0,PEN,PEN,True,True,PEN,True,False,PEN,True,False,True
2567,0,PEN,PEN,True,True,PEN,True,False,PEN,True,False,True
2568,0,PEN,PEN,True,True,PEN,True,False,PEN,True,False,True
2569,0,PEN,PEN,True,True,PEN,True,False,PEN,True,False,True
2570,0,PEN,PEN,True,True,PEN,True,False,PEN,True,False,True
2571,0,PEN,PEN,True,True,PEN,True,False,PEN,True,False,True
2572,0,PEN,PEN,True,True,PEN,True,False,PEN,True,False,True
2573,0,PEN,PEN,True,True,PEN,True,False,PEN,True,False,True
2574,0,PEN,PEN,True,True,PEN,True,False,PEN,True,False,True
2575,0,PEN,PEN,True,True,PEN,True,False,PEN,True,False,True
2576,0,PEN,PEN,True,True,PEN,True,False,PEN,True,False,True
2577,0,PEN,PEN,True,True,PEN,True,False,PEN,True,False,True
2578,0,PEN,PEN,True,True,PEN,True,False,PEN,True,False,True
2579,0,PEN,PEN,True,True,PEN,True,False,PEN,True,False,True
2580,0,PEN,PEN,True,True,PEN,True,True,PEN,True,False,True
2581,0,PEN,PEN,True,True,PEN,True,False,PEN,True,False,True
2582,0,PEN,PEN,True,True,PEN,True,False,PEN,True,False,True
2583,0,PEN,PEN,True,True,PEN,True,False,PEN,True,False,True
2584,0,PEN,PEN,True,True,PEN,True,False,PEN,True,False,True
2585,0,PEN,PEN,True,True,PEN,True,False,PEN,True,False,True
2586,0,PEN,PEN,True,True,PEN,True,False,PEN,True,False,True
2587,0,PEN,PEN,True,True,PEN,True,False,PEN,True,False,True
2588,0,PEN,PEN,True,True,PEN,True,False,PEN,True,False,True
2589,0,PEN,PEN,True,True,PEN,True,False,PEN,True,False,True
2590,0,PEN,PEN,True,True,PEN,True,False,PEN,True,False,True
2591,0,PEN,PEN,True,True,PEN,True,False,PEN,True,False,True
2592,0,PEN,PEN,True,True,PEN,True,False,PEN,True,False,True
2593,0,PEN,PEN,True,True,PEN,True,False,PEN,True,False,True
2594,0,PEN,PEN,True,True,PEN,True,False,PEN,True,False,True
2595,0,PEN,PEN,True,True,PEN,True,False,PEN,True,False,True
2596,0,PEN,PEN,True,True,PEN,True,False,PEN,True,False,True
2597,0,PEN,PEN,True,True,PEN,True,False,PEN,True,False,True
2598,0,PEN,PEN,True,True,PEN,True,False,PEN,True,False,True
2599,0,PEN,PEN,True,True,PEN,True,False,PEN,True,False,True
2600,0,PEN,PEN,True,True,PEN,True,False,PEN,True,False,True
2601,0,PEN,PEN,True,True,PEN,True,False,PEN,True,False,True
2602,0,PEN,PEN,True,True,PEN,True,False,PEN,True,False,True
2603,0,PEN,PEN,True,True,PEN,True,False,PEN,True,False,True
2604,0,PEN,PEN,True,True,PEN,True,False,PEN,True,False,True
2605,0,PEN,PEN,True,True,PEN,True,False,PEN,True,False,True
2606,0,PEN,PEN,True,True,PEN,True,False,PEN,True,False,True
2607,0,PEN,PEN,True,True,PEN,True,False,PEN,True,False,True
2608,0,PEN,PEN,True,True,PEN,True,False,PEN,True,False,True
2609,0,PEN,PEN,True,True,PEN,True,False,PEN,True,False,True
2610,0,PEN,PEN,True,True,PEN,True,True,PEN,True,False,True
2611,0,PEN,PEN,True,True,PEN,True,False,PEN,True,False,True
2612,0,PEN,PEN,True,True,PEN,True,False,PEN,True,False,True
2613,0,PEN,PEN,True,True,PEN,True,False,PEN,True,False,True
2614,0,PEN,PEN,True,True,PEN,True,False,PEN,True,False,True
2615,0,PEN,PEN,True,True,PEN,True,False,PEN,True,False,True
2616,0,PEN,PEN,True,True,PEN,True,False,PEN,True,False,True
2617,0,PEN,PEN,True,True,PEN,True,False,PEN,True,False,True
2618,0,PEN,PEN,True,True,PEN,True,False,PEN,True,False,True
2619,0,PEN,PEN,True,True,PEN,True,False,PEN,True,False,True
2620,0,PEN,PEN,True,True,PEN,True,False,PEN,True,False,True
2621,0,PEN,PEN,True,True,PEN,True,False,PEN,True,False,True
2622,0,PEN,PEN,True,True,PEN,True,False,PEN,True,False,True
2623,0,PEN,PEN,True,True,PEN,True,False,PEN,True,False,True
2624,0,PEN,PEN,True,True,PEN,True,False,PEN,True,False,True
2625,0,PEN,PEN,True,True,PEN,True,False,PEN,True,False,True
2626,0,PEN,PEN,True,True,PEN,True,False,PEN,True,False,True
2627,0,PEN,PEN,True,True,PEN,True,False,PEN,True,False,True
2628,0,PEN,PEN,True,True,PEN,True,False,PEN,True,False,True
2629,0,PEN,PEN,True,True,PEN,True,False,PEN,True,False,True
2630,0,PEN,PEN,True,True,PEN,True,False,PEN,True,False,True
2631,0,PEN,PEN,True,True,PEN,True,False,PEN,True,False,True
2632,0,PEN,PEN,True,True,PEN,True,False,PEN,True,False,True
2633,0,PEN,PEN,True,True,PEN,True,False,PEN,True,False,True
2634,0,PEN,PEN,True,True,PEN,True,False,PEN,True,False,True
2635,0,PEN,PEN,True,True,PEN,True,False,PEN,True,False,True
2636,0,PEN,PEN,True,True,PEN,True,False,PEN,True,False,True
2637,0,PEN,PEN,True,True,PEN,True,False,PEN,True,False,True
2638,0,PEN,PEN,True,True,PEN,True,False,PEN,True,False,True
2639,0,PEN,PEN,True,True,PEN,True,False,PEN,True,False,True
2640,0,PEN,PEN,True,True,PEN,True,True,PEN,True,False,True
2641,0,PEN,PEN,True,True,PEN,True,False,PEN,True,False,True
2642,0,PEN,PEN,True,True,PEN,True,False,PEN,True,False,True
2643,0,PEN,PEN,True,True,PEN,True,False,PEN,True,False,True
2644,0,PEN,PEN,True,True,PEN,True,False,PEN,True,False,True
2645,0,PEN,PEN,True,True,PEN,True,False,PEN,True,False,True
2646,0,PEN,PEN,True,True,PEN,True,False,PEN,True,False,True
2647,0,PEN,PEN,True,True,PEN,True,False,PEN,True,False,True
2648,0,PEN,PEN,True,True,PEN,True,False,PEN,True,False,True
2649,0,PEN,PEN,True,True,PEN,True,False,PEN,True,False,True
2650,0,PEN,PEN,True,True,PEN,True,False,PEN,True,False,True
2651,0,PEN,PEN,True,True,PEN,True,False,PEN,True,False,True
2652,0,PEN,PEN,True,True,PEN,True,False,PEN,True,False,True
2653,0,PEN,PEN,True,True,PEN,True,False,PEN,True,False,True
2654,0,PEN,PEN,True,True,PEN,True,False,PEN,True,False,True
2655,0,PEN,PEN,True,True,PEN,True,False,PEN,True,False,True
2656,0,PEN,PEN,True,True,PEN,True,False,PEN,True,False,True
2657,0,PEN,PEN,True,True,PEN,True,False,PEN,True,False,True
2658,0,PEN,PEN,True,True,PEN,True,False,PEN,True,False,True
2659,0,PEN,PEN,True,True,PEN,True,False,PEN,True,False,True
2660,0,PEN,PEN,True,True,PEN,True,False,PEN,True,False,True
2661,0,PEN,PEN,True,True,PEN,True,False,PEN,True,False,True
2662,0,PEN,PEN,True,True,PEN,True,False,PEN,True,False,True
2663,0,PEN,PEN,True,True,PEN,True,False,PEN,True,False,True
2664,0,PEN,PEN,True,True,PEN,True,False,PEN,True,False,True
2665,0,PEN,PEN,True,True,PEN,True,False,PEN,True,False,True
2666,0,PEN,PEN,True,True,PEN,True,False,PEN,True,False,True
2667,0,PEN,PEN,True,True,PEN,True,False,PEN,True,False,True
2668,0,PEN,PEN,True,True,PEN,True,False,PEN,True,False,True
2669,0,PEN,PEN,True,True,PEN,True,False,PEN,True,False,True
2670,0,PEN,PEN,True,True,PEN,True,True,PEN,True,False,True
2671,0,PEN,PEN,True,True,PEN,True,False,PEN,True,False,True
2672,0,PEN,PEN,True,True,PEN,True,False,PEN,True,False,True
2673,0,PEN,PEN,True,True,PEN,True,False,PEN,True,False,True
2674,0,PEN,PEN,True,True,PEN,True,False,PEN,True,False,True
2675,0,PEN,PEN,True,True,PEN,True,False,PEN,True,False,True
2676,0,PEN,PEN,True,True,PEN,True,False,PEN,True,False,True
2677,0,PEN,PEN,True,True,PEN,True,False,PEN,True,False,True
2678,0,PEN,PEN,True,True,PEN,True,False,PEN,True,False,True
2679,0,PEN,PEN,True,True,PEN,True,False,PEN,True,False,True
2680,0,PEN,PEN,True,True,PEN,True,False,PEN,True,False,True
2681,0,PEN,PEN,True,True,PEN,True,False,PEN,True,False,True
2682,0,PEN,PEN,True,True,PEN,True,False,PEN,True,False,True
2683,0,PEN,PEN,True,True,PEN,True,False,PEN,True,False,True
2684,0,PEN,PEN,True,True,PEN,True,False,PEN,True,False,True
2685,0,PEN,PEN,True,True,PEN,True,False,PEN,True,False,True
2686,0,PEN,PEN,True,True,PEN,True,False,PEN,True,False,True
2687,0,PEN,PEN,True,True,PEN,True,False,PEN,True,False,True
2688,0,PEN,PEN,True,True,PEN,True,False,PEN,True,False,True
2689,0,PEN,PEN,True,True,PEN,True,False,PEN,True,False,True
2690,0,PEN,PEN,True,True,PEN,True,False,PEN,True,False,True
2691,0,PEN,PEN,True,True,PEN,True,False,PEN,True,False,True
2692,0,PEN,PEN,True,True,PEN,True,False,PEN,True,False,True
2693,0,PEN,PEN,True,True,PEN,True,False,PEN,True,False,True
2694,0,PEN,PEN,True,True,PEN,True,False,PEN,True,False,True
2695,0,PEN,PEN,True,True,PEN,True,False,PEN,True,False,True
2696,0,PEN,PEN,True,True,PEN,True,False,PEN,True,False,True
2697,0,PEN,PEN,True,True,PEN,True,False,PEN,True,False,True
2698,0,PEN,PEN,True,True,PEN,True,False,PEN,True,False,True
2699,0,PEN,PEN,True,True,PEN,True,False,PEN,True,False,True
2700,0,PEN,PEN,True,True,PEN,True,True,PEN,True,False,True
2701,0,PEN,PEN,True,True,PEN,True,False,PEN,True,False,True
2702,0,PEN,PEN,True,True,PEN,True,False,PEN,True,False,True
2703,0,PEN,PEN,True,True,PEN,True,False,PEN,True,False,True
2704,0,PEN,PEN,True,True,PEN,True,False,PEN,True,False,True
2705,0,PEN,PEN,True,True,PEN,True,False,PEN,True,False,True
2706,0,PEN,PEN,True,True,PEN,True,False,PEN,True,False,True
2707,0,PEN,PEN,True,True,PEN,True,False,PEN,True,False,True
2708,0,PEN,PEN,True,True,PEN,True,False,PEN,True,False,True
2709,0,PEN,PEN,True,True,PEN,True,False,PEN,True,False,True
2710,0,PEN,PEN,True,True,PEN,True,False,PEN,True,False,True
